side,instrument,model,horizon,file,n_rows,n_nan_pred,n_nan_label,n_used,recomputed_auc,n_zero_tick,n_nan_fwd,n_label_pos,n_label_eq_signpos
pre,CL,LightGBM,10s,cl_LightGBM_10s_predictions.parquet,1990321,0,0,1990321,0.6534669829,0,0,995440,1990321
pre,CL,LightGBM,30s,cl_LightGBM_30s_predictions.parquet,2572423,0,0,2572423,0.6022315648,0,0,1289817,2572423
pre,CL,LightGBM,5s,cl_LightGBM_5s_predictions.parquet,1930724,0,0,1930724,0.8224051624,0,0,962781,1930724
pre,CL,LightGBM,60s,cl_LightGBM_60s_predictions.parquet,2889289,0,0,2889289,0.5959461209,0,0,1450536,2889289
pre,CL,XGBoost,10s,cl_XGBoost_10s_predictions.parquet,1990321,0,0,1990321,0.6536054606,0,0,995440,1990321
pre,CL,XGBoost,30s,cl_XGBoost_30s_predictions.parquet,2572423,0,0,2572423,0.6028842183,0,0,1289817,2572423
pre,CL,XGBoost,5s,cl_XGBoost_5s_predictions.parquet,1930724,0,0,1930724,0.8224063295,0,0,962781,1930724
pre,CL,XGBoost,60s,cl_XGBoost_60s_predictions.parquet,2889289,0,0,2889289,0.5973470146,0,0,1450536,2889289
pre,ES,LightGBM,10s,es_LightGBM_10s_predictions.parquet,2138729,0,0,2138729,0.5715609012,0,0,1071918,2138729
pre,ES,LightGBM,30s,es_LightGBM_30s_predictions.parquet,2424880,0,0,2424880,0.5375380328,0,0,1221228,2424880
pre,ES,LightGBM,5s,es_LightGBM_5s_predictions.parquet,1884794,0,0,1884794,0.6017328456,0,0,942288,1884794
pre,ES,LightGBM,60s,es_LightGBM_60s_predictions.parquet,2548702,0,0,2548702,0.5233713936,0,0,1291479,2548702
pre,ES,XGBoost,10s,es_XGBoost_10s_predictions.parquet,2138729,0,0,2138729,0.5716484441,0,0,1071918,2138729
pre,ES,XGBoost,30s,es_XGBoost_30s_predictions.parquet,2424880,0,0,2424880,0.5374325949,0,0,1221228,2424880
pre,ES,XGBoost,5s,es_XGBoost_5s_predictions.parquet,1884794,0,0,1884794,0.6019501110,0,0,942288,1884794
pre,ES,XGBoost,60s,es_XGBoost_60s_predictions.parquet,2548702,0,0,2548702,0.5239491279,0,0,1291479,2548702
pre,GC,LightGBM,10s,gc_LightGBM_10s_predictions.parquet,3011667,0,0,3011667,0.5647683439,0,0,1525356,3011667
pre,GC,LightGBM,30s,gc_LightGBM_30s_predictions.parquet,3213561,0,0,3213561,0.5587781943,0,0,1630704,3213561
pre,GC,LightGBM,5s,gc_LightGBM_5s_predictions.parquet,3145463,0,0,3145463,0.7076803070,0,0,1585767,3145463
pre,GC,LightGBM,60s,gc_LightGBM_60s_predictions.parquet,3329052,0,0,3329052,0.5692792358,0,0,1692566,3329052
pre,GC,XGBoost,10s,gc_XGBoost_10s_predictions.parquet,3011667,0,0,3011667,0.5647540603,0,0,1525356,3011667
pre,GC,XGBoost,30s,gc_XGBoost_30s_predictions.parquet,3213561,0,0,3213561,0.5583431639,0,0,1630704,3213561
pre,GC,XGBoost,5s,gc_XGBoost_5s_predictions.parquet,3145463,0,0,3145463,0.7079092698,0,0,1585767,3145463
pre,GC,XGBoost,60s,gc_XGBoost_60s_predictions.parquet,3329052,0,0,3329052,0.5699762511,0,0,1692566,3329052
pre,HE,LightGBM,10s,he_LightGBM_10s_predictions.parquet,780550,0,0,780550,0.6019155020,0,0,387522,780550
pre,HE,LightGBM,30s,he_LightGBM_30s_predictions.parquet,1148033,0,0,1148033,0.5530074581,0,0,569810,1148033
pre,HE,LightGBM,5s,he_LightGBM_5s_predictions.parquet,542793,0,0,542793,0.6385055038,0,0,269189,542793
pre,HE,LightGBM,60s,he_LightGBM_60s_predictions.parquet,1314197,0,0,1314197,0.5353032576,0,0,652055,1314197
pre,HE,XGBoost,10s,he_XGBoost_10s_predictions.parquet,780550,0,0,780550,0.6020925468,0,0,387522,780550
pre,HE,XGBoost,30s,he_XGBoost_30s_predictions.parquet,1148033,0,0,1148033,0.5522037958,0,0,569810,1148033
pre,HE,XGBoost,5s,he_XGBoost_5s_predictions.parquet,542793,0,0,542793,0.6385133160,0,0,269189,542793
pre,HE,XGBoost,60s,he_XGBoost_60s_predictions.parquet,1314197,0,0,1314197,0.5335276459,0,0,652055,1314197
pre,LE,LightGBM,10s,le_LightGBM_10s_predictions.parquet,1220963,0,0,1220963,0.5602938073,0,0,614410,1220963
pre,LE,LightGBM,30s,le_LightGBM_30s_predictions.parquet,1423152,0,0,1423152,0.5327342722,0,0,721563,1423152
pre,LE,LightGBM,5s,le_LightGBM_5s_predictions.parquet,994518,0,0,994518,0.5848394797,0,0,498111,994518
pre,LE,LightGBM,60s,le_LightGBM_60s_predictions.parquet,1478639,0,0,1478639,0.5231801806,0,0,751357,1478639
pre,LE,XGBoost,10s,le_XGBoost_10s_predictions.parquet,1220963,0,0,1220963,0.5600802405,0,0,614410,1220963
pre,LE,XGBoost,30s,le_XGBoost_30s_predictions.parquet,1423152,0,0,1423152,0.5323010471,0,0,721563,1423152
pre,LE,XGBoost,5s,le_XGBoost_5s_predictions.parquet,994518,0,0,994518,0.5848698708,0,0,498111,994518
pre,LE,XGBoost,60s,le_XGBoost_60s_predictions.parquet,1478639,0,0,1478639,0.5203561345,0,0,751357,1478639
pre,NQ,LightGBM,10s,nq_LightGBM_10s_predictions.parquet,2709685,0,0,2709685,0.5306972622,0,0,1356764,2709685
pre,NQ,LightGBM,30s,nq_LightGBM_30s_predictions.parquet,2761782,0,0,2761782,0.5161030428,0,0,1391293,2761782
pre,NQ,LightGBM,5s,nq_LightGBM_5s_predictions.parquet,2650986,0,0,2650986,0.5419695210,0,0,1323269,2650986
pre,NQ,LightGBM,60s,nq_LightGBM_60s_predictions.parquet,2783959,0,0,2783959,0.5052963093,0,0,1408879,2783959
pre,NQ,XGBoost,10s,nq_XGBoost_10s_predictions.parquet,2709685,0,0,2709685,0.5315749549,0,0,1356764,2709685
pre,NQ,XGBoost,30s,nq_XGBoost_30s_predictions.parquet,2761782,0,0,2761782,0.5171039401,0,0,1391293,2761782
pre,NQ,XGBoost,5s,nq_XGBoost_5s_predictions.parquet,2650986,0,0,2650986,0.5421315407,0,0,1323269,2650986
pre,NQ,XGBoost,60s,nq_XGBoost_60s_predictions.parquet,2783959,0,0,2783959,0.5088881932,0,0,1408879,2783959
pre,ZC,LightGBM,10s,zc_LightGBM_10s_predictions.parquet,655016,0,0,655016,0.9399684652,0,0,329369,655016
pre,ZC,LightGBM,30s,zc_LightGBM_30s_predictions.parquet,745656,0,0,745656,0.8564194096,0,0,373718,745656
pre,ZC,LightGBM,5s,zc_LightGBM_5s_predictions.parquet,1047430,0,0,1047430,0.9662437484,0,0,522896,1047430
pre,ZC,LightGBM,60s,zc_LightGBM_60s_predictions.parquet,890687,0,0,890687,0.7552441575,0,0,447195,890687
pre,ZC,XGBoost,10s,zc_XGBoost_10s_predictions.parquet,655016,0,0,655016,0.9406199014,0,0,329369,655016
pre,ZC,XGBoost,30s,zc_XGBoost_30s_predictions.parquet,745656,0,0,745656,0.8567950086,0,0,373718,745656
pre,ZC,XGBoost,5s,zc_XGBoost_5s_predictions.parquet,1047430,0,0,1047430,0.9658659971,0,0,522896,1047430
pre,ZC,XGBoost,60s,zc_XGBoost_60s_predictions.parquet,890687,0,0,890687,0.7556556391,0,0,447195,890687
pre,ZS,LightGBM,10s,zs_LightGBM_10s_predictions.parquet,699991,0,0,699991,0.8237303282,0,0,348636,699991
pre,ZS,LightGBM,30s,zs_LightGBM_30s_predictions.parquet,1018858,0,0,1018858,0.7038366281,0,0,508416,1018858
pre,ZS,LightGBM,5s,zs_LightGBM_5s_predictions.parquet,885602,0,0,885602,0.9527281113,0,0,442763,885602
pre,ZS,LightGBM,60s,zs_LightGBM_60s_predictions.parquet,1256335,0,0,1256335,0.6507066853,0,0,627180,1256335
pre,ZS,XGBoost,10s,zs_XGBoost_10s_predictions.parquet,699991,0,0,699991,0.8254121777,0,0,348636,699991
pre,ZS,XGBoost,30s,zs_XGBoost_30s_predictions.parquet,1018858,0,0,1018858,0.7007420436,0,0,508416,1018858
pre,ZS,XGBoost,5s,zs_XGBoost_5s_predictions.parquet,885602,0,0,885602,0.9525330468,0,0,442763,885602
pre,ZS,XGBoost,60s,zs_XGBoost_60s_predictions.parquet,1256335,0,0,1256335,0.6511356785,0,0,627180,1256335
post,CL,LightGBM,10s,cl_LightGBM_10s_predictions.parquet,1990321,0,0,1990321,0.6388106346,0,0,995440,1990321
post,CL,LightGBM,30s,cl_LightGBM_30s_predictions.parquet,2572423,0,0,2572423,0.5916199170,0,0,1289817,2572423
post,CL,LightGBM,5s,cl_LightGBM_5s_predictions.parquet,1930724,0,0,1930724,0.8135799776,0,0,962781,1930724
post,CL,LightGBM,60s,cl_LightGBM_60s_predictions.parquet,2889289,0,0,2889289,0.5872514424,0,0,1450536,2889289
post,CL,XGBoost,10s,cl_XGBoost_10s_predictions.parquet,1990321,0,0,1990321,0.6386287007,0,0,995440,1990321
post,CL,XGBoost,30s,cl_XGBoost_30s_predictions.parquet,2572423,0,0,2572423,0.5921317683,0,0,1289817,2572423
post,CL,XGBoost,5s,cl_XGBoost_5s_predictions.parquet,1930724,0,0,1930724,0.8134994126,0,0,962781,1930724
post,CL,XGBoost,60s,cl_XGBoost_60s_predictions.parquet,2889289,0,0,2889289,0.5873346262,0,0,1450536,2889289
post,ES,LightGBM,10s,es_LightGBM_10s_predictions.parquet,2138729,0,0,2138729,0.5665629158,0,0,1071918,2138729
post,ES,LightGBM,30s,es_LightGBM_30s_predictions.parquet,2424880,0,0,2424880,0.5351098448,0,0,1221228,2424880
post,ES,LightGBM,5s,es_LightGBM_5s_predictions.parquet,1884794,0,0,1884794,0.5938958404,0,0,942288,1884794
post,ES,LightGBM,60s,es_LightGBM_60s_predictions.parquet,2548702,0,0,2548702,0.5192527621,0,0,1291479,2548702
post,ES,XGBoost,10s,es_XGBoost_10s_predictions.parquet,2138729,0,0,2138729,0.5669340962,0,0,1071918,2138729
post,ES,XGBoost,30s,es_XGBoost_30s_predictions.parquet,2424880,0,0,2424880,0.5363001015,0,0,1221228,2424880
post,ES,XGBoost,5s,es_XGBoost_5s_predictions.parquet,1884794,0,0,1884794,0.5941356628,0,0,942288,1884794
post,ES,XGBoost,60s,es_XGBoost_60s_predictions.parquet,2548702,0,0,2548702,0.5187165294,0,0,1291479,2548702
post,GC,LightGBM,10s,gc_LightGBM_10s_predictions.parquet,3011667,0,0,3011667,0.5457199959,0,0,1525356,3011667
post,GC,LightGBM,30s,gc_LightGBM_30s_predictions.parquet,3213561,0,0,3213561,0.5416895783,0,0,1630704,3213561
post,GC,LightGBM,5s,gc_LightGBM_5s_predictions.parquet,3145463,0,0,3145463,0.6958365008,0,0,1585767,3145463
post,GC,LightGBM,60s,gc_LightGBM_60s_predictions.parquet,3329052,0,0,3329052,0.5572736442,0,0,1692566,3329052
post,GC,XGBoost,10s,gc_XGBoost_10s_predictions.parquet,3011667,0,0,3011667,0.5469444452,0,0,1525356,3011667
post,GC,XGBoost,30s,gc_XGBoost_30s_predictions.parquet,3213561,0,0,3213561,0.5410874522,0,0,1630704,3213561
post,GC,XGBoost,5s,gc_XGBoost_5s_predictions.parquet,3145463,0,0,3145463,0.6961170343,0,0,1585767,3145463
post,GC,XGBoost,60s,gc_XGBoost_60s_predictions.parquet,3329052,0,0,3329052,0.5576384900,0,0,1692566,3329052
post,HE,LightGBM,10s,he_LightGBM_10s_predictions.parquet,780550,0,0,780550,0.5986122137,0,0,387522,780550
post,HE,LightGBM,30s,he_LightGBM_30s_predictions.parquet,1148033,0,0,1148033,0.5495575491,0,0,569810,1148033
post,HE,LightGBM,5s,he_LightGBM_5s_predictions.parquet,542793,0,0,542793,0.6346167807,0,0,269189,542793
post,HE,LightGBM,60s,he_LightGBM_60s_predictions.parquet,1314197,0,0,1314197,0.5311410747,0,0,652055,1314197
post,HE,XGBoost,10s,he_XGBoost_10s_predictions.parquet,780550,0,0,780550,0.5993576279,0,0,387522,780550
post,HE,XGBoost,30s,he_XGBoost_30s_predictions.parquet,1148033,0,0,1148033,0.5501159767,0,0,569810,1148033
post,HE,XGBoost,5s,he_XGBoost_5s_predictions.parquet,542793,0,0,542793,0.6350552932,0,0,269189,542793
post,HE,XGBoost,60s,he_XGBoost_60s_predictions.parquet,1314197,0,0,1314197,0.5289705333,0,0,652055,1314197
post,LE,LightGBM,10s,le_LightGBM_10s_predictions.parquet,1220963,0,0,1220963,0.5552305412,0,0,614410,1220963
post,LE,LightGBM,30s,le_LightGBM_30s_predictions.parquet,1423152,0,0,1423152,0.5262963673,0,0,721563,1423152
post,LE,LightGBM,5s,le_LightGBM_5s_predictions.parquet,994518,0,0,994518,0.5799486231,0,0,498111,994518
post,LE,LightGBM,60s,le_LightGBM_60s_predictions.parquet,1478639,0,0,1478639,0.5178839296,0,0,751357,1478639
post,LE,XGBoost,10s,le_XGBoost_10s_predictions.parquet,1220963,0,0,1220963,0.5550538647,0,0,614410,1220963
post,LE,XGBoost,30s,le_XGBoost_30s_predictions.parquet,1423152,0,0,1423152,0.5265513097,0,0,721563,1423152
post,LE,XGBoost,5s,le_XGBoost_5s_predictions.parquet,994518,0,0,994518,0.5802335674,0,0,498111,994518
post,LE,XGBoost,60s,le_XGBoost_60s_predictions.parquet,1478639,0,0,1478639,0.5170109453,0,0,751357,1478639
post,NQ,LightGBM,10s,nq_LightGBM_10s_predictions.parquet,2709685,0,0,2709685,0.5154067393,0,0,1356764,2709685
post,NQ,LightGBM,30s,nq_LightGBM_30s_predictions.parquet,2761782,0,0,2761782,0.5098260912,0,0,1391293,2761782
post,NQ,LightGBM,5s,nq_LightGBM_5s_predictions.parquet,2650986,0,0,2650986,0.5191329140,0,0,1323269,2650986
post,NQ,LightGBM,60s,nq_LightGBM_60s_predictions.parquet,2783959,0,0,2783959,0.5047959269,0,0,1408879,2783959
post,NQ,XGBoost,10s,nq_XGBoost_10s_predictions.parquet,2709685,0,0,2709685,0.5156110133,0,0,1356764,2709685
post,NQ,XGBoost,30s,nq_XGBoost_30s_predictions.parquet,2761782,0,0,2761782,0.5115772363,0,0,1391293,2761782
post,NQ,XGBoost,5s,nq_XGBoost_5s_predictions.parquet,2650986,0,0,2650986,0.5192974576,0,0,1323269,2650986
post,NQ,XGBoost,60s,nq_XGBoost_60s_predictions.parquet,2783959,0,0,2783959,0.5051040958,0,0,1408879,2783959
post,ZC,LightGBM,10s,zc_LightGBM_10s_predictions.parquet,655016,0,0,655016,0.7565038304,0,0,329369,655016
post,ZC,LightGBM,30s,zc_LightGBM_30s_predictions.parquet,745656,0,0,745656,0.6792882400,0,0,373718,745656
post,ZC,LightGBM,5s,zc_LightGBM_5s_predictions.parquet,1047430,0,0,1047430,0.9315357123,0,0,522896,1047430
post,ZC,LightGBM,60s,zc_LightGBM_60s_predictions.parquet,890687,0,0,890687,0.6799329047,0,0,447195,890687
post,ZC,XGBoost,10s,zc_XGBoost_10s_predictions.parquet,655016,0,0,655016,0.7611655115,0,0,329369,655016
post,ZC,XGBoost,30s,zc_XGBoost_30s_predictions.parquet,745656,0,0,745656,0.6786165851,0,0,373718,745656
post,ZC,XGBoost,5s,zc_XGBoost_5s_predictions.parquet,1047430,0,0,1047430,0.9324070011,0,0,522896,1047430
post,ZC,XGBoost,60s,zc_XGBoost_60s_predictions.parquet,890687,0,0,890687,0.6774955121,0,0,447195,890687
post,ZS,LightGBM,10s,zs_LightGBM_10s_predictions.parquet,699991,0,0,699991,0.7393771937,0,0,348636,699991
post,ZS,LightGBM,30s,zs_LightGBM_30s_predictions.parquet,1018858,0,0,1018858,0.6409300425,0,0,508416,1018858
post,ZS,LightGBM,5s,zs_LightGBM_5s_predictions.parquet,885602,0,0,885602,0.9336812707,0,0,442763,885602
post,ZS,LightGBM,60s,zs_LightGBM_60s_predictions.parquet,1256335,0,0,1256335,0.6156475099,0,0,627180,1256335
post,ZS,XGBoost,10s,zs_XGBoost_10s_predictions.parquet,699991,0,0,699991,0.7353597710,0,0,348636,699991
post,ZS,XGBoost,30s,zs_XGBoost_30s_predictions.parquet,1018858,0,0,1018858,0.6407713654,0,0,508416,1018858
post,ZS,XGBoost,5s,zs_XGBoost_5s_predictions.parquet,885602,0,0,885602,0.9337069123,0,0,442763,885602
post,ZS,XGBoost,60s,zs_XGBoost_60s_predictions.parquet,1256335,0,0,1256335,0.6136951916,0,0,627180,1256335
