instrument,month,class,side,boundary,strict,equal,rows
es,2025-01,trades_all,corrected,decision_T,0,0,605289
es,2025-01,trades_buy,corrected,decision_T,0,0,605289
es,2025-01,trades_sell,corrected,decision_T,0,0,605289
es,2025-01,trades_large,corrected,decision_T,0,0,605289
es,2025-01,mbo_all,corrected,decision_T,0,4,605289
es,2025-01,mbo_all_rows,corrected,decision_T,0,6,605289
es,2025-01,mbo_bid_add,corrected,decision_T,0,2,605289
es,2025-01,mbo_ask_add,corrected,decision_T,0,1,605289
es,2025-01,mbo_bid_cancel,corrected,decision_T,0,0,605289
es,2025-01,mbo_ask_cancel,corrected,decision_T,0,1,605289
es,2025-01,mbo_cancel_any,corrected,decision_T,0,1,605289
es,2025-01,trades_all,corrected,prev_row_B,514323,1,605289
es,2025-01,trades_buy,corrected,prev_row_B,0,0,605289
es,2025-01,trades_sell,corrected,prev_row_B,514323,1,605289
es,2025-01,trades_large,corrected,prev_row_B,216349,0,605289
es,2025-01,mbo_all,corrected,prev_row_B,585940,248,605289
es,2025-01,mbo_all_rows,corrected,prev_row_B,587370,249,605289
es,2025-01,mbo_bid_add,corrected,prev_row_B,571405,97,605289
es,2025-01,mbo_ask_add,corrected,prev_row_B,571247,148,605289
es,2025-01,mbo_bid_cancel,corrected,prev_row_B,568448,1,605289
es,2025-01,mbo_ask_cancel,corrected,prev_row_B,568933,2,605289
es,2025-01,mbo_cancel_any,corrected,prev_row_B,579272,3,605289
es,2025-01,trades_all,contaminated,decision_T,514323,1,605290
es,2025-01,trades_buy,contaminated,decision_T,0,0,605290
es,2025-01,trades_sell,contaminated,decision_T,514323,1,605290
es,2025-01,trades_large,contaminated,decision_T,216349,0,605290
es,2025-01,mbo_all,contaminated,decision_T,585940,248,605290
es,2025-01,mbo_all_rows,contaminated,decision_T,587370,250,605290
es,2025-01,mbo_bid_add,contaminated,decision_T,571405,97,605290
es,2025-01,mbo_ask_add,contaminated,decision_T,571247,148,605290
es,2025-01,mbo_bid_cancel,contaminated,decision_T,568448,1,605290
es,2025-01,mbo_ask_cancel,contaminated,decision_T,568933,2,605290
es,2025-01,mbo_cancel_any,contaminated,decision_T,579272,3,605290
es,2025-08,trades_all,corrected,decision_T,0,0,546609
es,2025-08,trades_buy,corrected,decision_T,0,0,546609
es,2025-08,trades_sell,corrected,decision_T,0,0,546609
es,2025-08,trades_large,corrected,decision_T,0,0,546609
es,2025-08,mbo_all,corrected,decision_T,0,6,546609
es,2025-08,mbo_all_rows,corrected,decision_T,0,6,546609
es,2025-08,mbo_bid_add,corrected,decision_T,0,4,546609
es,2025-08,mbo_ask_add,corrected,decision_T,0,2,546609
es,2025-08,mbo_bid_cancel,corrected,decision_T,0,0,546609
es,2025-08,mbo_ask_cancel,corrected,decision_T,0,0,546609
es,2025-08,mbo_cancel_any,corrected,decision_T,0,0,546609
es,2025-08,trades_all,corrected,prev_row_B,424624,0,546609
es,2025-08,trades_buy,corrected,prev_row_B,0,0,546609
es,2025-08,trades_sell,corrected,prev_row_B,424624,0,546609
es,2025-08,trades_large,corrected,prev_row_B,186229,0,546609
es,2025-08,mbo_all,corrected,prev_row_B,524929,289,546609
es,2025-08,mbo_all_rows,corrected,prev_row_B,525628,289,546609
es,2025-08,mbo_bid_add,corrected,prev_row_B,513061,137,546609
es,2025-08,mbo_ask_add,corrected,prev_row_B,512005,152,546609
es,2025-08,mbo_bid_cancel,corrected,prev_row_B,511428,0,546609
es,2025-08,mbo_ask_cancel,corrected,prev_row_B,510248,0,546609
es,2025-08,mbo_cancel_any,corrected,prev_row_B,519749,0,546609
es,2025-08,trades_all,contaminated,decision_T,424624,0,546610
es,2025-08,trades_buy,contaminated,decision_T,0,0,546610
es,2025-08,trades_sell,contaminated,decision_T,424624,0,546610
es,2025-08,trades_large,contaminated,decision_T,186229,0,546610
es,2025-08,mbo_all,contaminated,decision_T,524929,290,546610
es,2025-08,mbo_all_rows,contaminated,decision_T,525628,290,546610
es,2025-08,mbo_bid_add,contaminated,decision_T,513061,138,546610
es,2025-08,mbo_ask_add,contaminated,decision_T,512005,152,546610
es,2025-08,mbo_bid_cancel,contaminated,decision_T,511428,0,546610
es,2025-08,mbo_ask_cancel,contaminated,decision_T,510248,0,546610
es,2025-08,mbo_cancel_any,contaminated,decision_T,519749,0,546610
nq,2025-01,trades_all,corrected,decision_T,0,0,598227
nq,2025-01,trades_buy,corrected,decision_T,0,0,598227
nq,2025-01,trades_sell,corrected,decision_T,0,0,598227
nq,2025-01,trades_large,corrected,decision_T,0,0,598227
nq,2025-01,trades_all,corrected,prev_row_B,543341,0,598227
nq,2025-01,trades_buy,corrected,prev_row_B,0,0,598227
nq,2025-01,trades_sell,corrected,prev_row_B,543341,0,598227
nq,2025-01,trades_large,corrected,prev_row_B,9694,0,598227
nq,2025-01,trades_all,contaminated,decision_T,543341,0,598228
nq,2025-01,trades_buy,contaminated,decision_T,0,0,598228
nq,2025-01,trades_sell,contaminated,decision_T,543341,0,598228
nq,2025-01,trades_large,contaminated,decision_T,9694,0,598228
nq,2025-08,trades_all,corrected,decision_T,0,0,540530
nq,2025-08,trades_buy,corrected,decision_T,0,0,540530
nq,2025-08,trades_sell,corrected,decision_T,0,0,540530
nq,2025-08,trades_large,corrected,decision_T,0,0,540530
nq,2025-08,trades_all,corrected,prev_row_B,470095,0,540530
nq,2025-08,trades_buy,corrected,prev_row_B,0,0,540530
nq,2025-08,trades_sell,corrected,prev_row_B,470095,0,540530
nq,2025-08,trades_large,corrected,prev_row_B,9234,0,540530
nq,2025-08,trades_all,contaminated,decision_T,470095,0,540531
nq,2025-08,trades_buy,contaminated,decision_T,0,0,540531
nq,2025-08,trades_sell,contaminated,decision_T,470095,0,540531
nq,2025-08,trades_large,contaminated,decision_T,9234,0,540531
cl,2025-01,trades_all,corrected,decision_T,21770,0,801410
cl,2025-01,trades_buy,corrected,decision_T,0,0,801410
cl,2025-01,trades_sell,corrected,decision_T,21770,0,801410
cl,2025-01,trades_large,corrected,decision_T,1594,0,801410
cl,2025-01,mbo_all,corrected,decision_T,53249,2194,801410
cl,2025-01,mbo_all_rows,corrected,decision_T,54341,2197,801410
cl,2025-01,mbo_bid_add,corrected,decision_T,40600,1259,801410
cl,2025-01,mbo_ask_add,corrected,decision_T,40435,927,801410
cl,2025-01,mbo_bid_cancel,corrected,decision_T,39581,2,801410
cl,2025-01,mbo_ask_cancel,corrected,decision_T,39559,6,801410
cl,2025-01,mbo_cancel_any,corrected,decision_T,46643,8,801410
cl,2025-01,trades_all,corrected,prev_row_B,232865,0,801410
cl,2025-01,trades_buy,corrected,prev_row_B,0,0,801410
cl,2025-01,trades_sell,corrected,prev_row_B,232865,0,801410
cl,2025-01,trades_large,corrected,prev_row_B,14268,0,801410
cl,2025-01,mbo_all,corrected,prev_row_B,534779,3204,801410
cl,2025-01,mbo_all_rows,corrected,prev_row_B,545832,3210,801410
cl,2025-01,mbo_bid_add,corrected,prev_row_B,421352,1805,801410
cl,2025-01,mbo_ask_add,corrected,prev_row_B,420221,1367,801410
cl,2025-01,mbo_bid_cancel,corrected,prev_row_B,415077,13,801410
cl,2025-01,mbo_ask_cancel,corrected,prev_row_B,415311,19,801410
cl,2025-01,mbo_cancel_any,corrected,prev_row_B,480191,32,801410
cl,2025-01,trades_all,contaminated,decision_T,232865,0,801411
cl,2025-01,trades_buy,contaminated,decision_T,0,0,801411
cl,2025-01,trades_sell,contaminated,decision_T,232865,0,801411
cl,2025-01,trades_large,contaminated,decision_T,14268,0,801411
cl,2025-01,mbo_all,contaminated,decision_T,534779,3205,801411
cl,2025-01,mbo_all_rows,contaminated,decision_T,545832,3211,801411
cl,2025-01,mbo_bid_add,contaminated,decision_T,421352,1806,801411
cl,2025-01,mbo_ask_add,contaminated,decision_T,420221,1367,801411
cl,2025-01,mbo_bid_cancel,contaminated,decision_T,415077,13,801411
cl,2025-01,mbo_ask_cancel,contaminated,decision_T,415311,19,801411
cl,2025-01,mbo_cancel_any,contaminated,decision_T,480191,32,801411
cl,2025-08,trades_all,corrected,decision_T,9048,0,664076
cl,2025-08,trades_buy,corrected,decision_T,0,0,664076
cl,2025-08,trades_sell,corrected,decision_T,9048,0,664076
cl,2025-08,trades_large,corrected,decision_T,771,0,664076
cl,2025-08,mbo_all,corrected,decision_T,27852,1427,664076
cl,2025-08,mbo_bid_add,corrected,decision_T,18374,603,664076
cl,2025-08,mbo_ask_add,corrected,decision_T,18586,812,664076
cl,2025-08,mbo_bid_cancel,corrected,decision_T,17902,3,664076
cl,2025-08,mbo_ask_cancel,corrected,decision_T,17988,6,664076
cl,2025-08,mbo_cancel_any,corrected,decision_T,22428,9,664076
cl,2025-08,trades_all,corrected,prev_row_B,142974,0,664076
cl,2025-08,trades_buy,corrected,prev_row_B,0,0,664076
cl,2025-08,trades_sell,corrected,prev_row_B,142974,0,664076
cl,2025-08,trades_large,corrected,prev_row_B,9919,0,664076
cl,2025-08,mbo_all,corrected,prev_row_B,406797,2468,664076
cl,2025-08,mbo_bid_add,corrected,prev_row_B,283878,1105,664076
cl,2025-08,mbo_ask_add,corrected,prev_row_B,284551,1347,664076
cl,2025-08,mbo_bid_cancel,corrected,prev_row_B,278277,5,664076
cl,2025-08,mbo_ask_cancel,corrected,prev_row_B,278073,9,664076
cl,2025-08,mbo_cancel_any,corrected,prev_row_B,339211,14,664076
cl,2025-08,trades_all,contaminated,decision_T,142974,0,664077
cl,2025-08,trades_buy,contaminated,decision_T,0,0,664077
cl,2025-08,trades_sell,contaminated,decision_T,142974,0,664077
cl,2025-08,trades_large,contaminated,decision_T,9919,0,664077
cl,2025-08,mbo_all,contaminated,decision_T,406797,2469,664077
cl,2025-08,mbo_bid_add,contaminated,decision_T,283878,1105,664077
cl,2025-08,mbo_ask_add,contaminated,decision_T,284551,1347,664077
cl,2025-08,mbo_bid_cancel,contaminated,decision_T,278277,5,664077
cl,2025-08,mbo_ask_cancel,contaminated,decision_T,278073,9,664077
cl,2025-08,mbo_cancel_any,contaminated,decision_T,339211,14,664077
gc,2025-01,trades_all,corrected,decision_T,13907,3,761736
gc,2025-01,trades_buy,corrected,decision_T,0,0,761736
gc,2025-01,trades_sell,corrected,decision_T,13907,3,761736
gc,2025-01,trades_large,corrected,decision_T,267,0,761736
gc,2025-01,mbo_all,corrected,decision_T,37065,1853,761736
gc,2025-01,mbo_bid_add,corrected,decision_T,26290,1068,761736
gc,2025-01,mbo_ask_add,corrected,decision_T,25919,767,761736
gc,2025-01,mbo_bid_cancel,corrected,decision_T,25095,10,761736
gc,2025-01,mbo_ask_cancel,corrected,decision_T,24993,5,761736
gc,2025-01,mbo_cancel_any,corrected,decision_T,30403,15,761736
gc,2025-01,trades_all,corrected,prev_row_B,210374,35,761736
gc,2025-01,trades_buy,corrected,prev_row_B,0,0,761736
gc,2025-01,trades_sell,corrected,prev_row_B,210374,35,761736
gc,2025-01,trades_large,corrected,prev_row_B,3280,1,761736
gc,2025-01,mbo_all,corrected,prev_row_B,523228,2712,761736
gc,2025-01,mbo_bid_add,corrected,prev_row_B,384039,1490,761736
gc,2025-01,mbo_ask_add,corrected,prev_row_B,380700,1136,761736
gc,2025-01,mbo_bid_cancel,corrected,prev_row_B,376465,26,761736
gc,2025-01,mbo_ask_cancel,corrected,prev_row_B,375572,24,761736
gc,2025-01,mbo_cancel_any,corrected,prev_row_B,448387,50,761736
gc,2025-01,trades_all,contaminated,decision_T,210374,35,761737
gc,2025-01,trades_buy,contaminated,decision_T,0,0,761737
gc,2025-01,trades_sell,contaminated,decision_T,210374,35,761737
gc,2025-01,trades_large,contaminated,decision_T,3280,1,761737
gc,2025-01,mbo_all,contaminated,decision_T,523228,2713,761737
gc,2025-01,mbo_bid_add,contaminated,decision_T,384039,1490,761737
gc,2025-01,mbo_ask_add,contaminated,decision_T,380700,1137,761737
gc,2025-01,mbo_bid_cancel,contaminated,decision_T,376465,26,761737
gc,2025-01,mbo_ask_cancel,contaminated,decision_T,375572,24,761737
gc,2025-01,mbo_cancel_any,contaminated,decision_T,448387,50,761737
gc,2025-08,trades_all,corrected,decision_T,16051,0,692041
gc,2025-08,trades_buy,corrected,decision_T,0,0,692041
gc,2025-08,trades_sell,corrected,decision_T,16051,0,692041
gc,2025-08,trades_large,corrected,decision_T,232,0,692041
gc,2025-08,mbo_all,corrected,decision_T,42886,1907,692041
gc,2025-08,mbo_bid_add,corrected,decision_T,29001,949,692041
gc,2025-08,mbo_ask_add,corrected,decision_T,28636,947,692041
gc,2025-08,mbo_bid_cancel,corrected,decision_T,28194,6,692041
gc,2025-08,mbo_ask_cancel,corrected,decision_T,28457,3,692041
gc,2025-08,mbo_cancel_any,corrected,decision_T,35509,9,692041
gc,2025-08,trades_all,corrected,prev_row_B,204014,0,692041
gc,2025-08,trades_buy,corrected,prev_row_B,0,0,692041
gc,2025-08,trades_sell,corrected,prev_row_B,204014,0,692041
gc,2025-08,trades_large,corrected,prev_row_B,3064,0,692041
gc,2025-08,mbo_all,corrected,prev_row_B,461530,2864,692041
gc,2025-08,mbo_bid_add,corrected,prev_row_B,342764,1427,692041
gc,2025-08,mbo_ask_add,corrected,prev_row_B,335400,1426,692041
gc,2025-08,mbo_bid_cancel,corrected,prev_row_B,338915,7,692041
gc,2025-08,mbo_ask_cancel,corrected,prev_row_B,337334,3,692041
gc,2025-08,mbo_cancel_any,corrected,prev_row_B,402064,10,692041
gc,2025-08,trades_all,contaminated,decision_T,204014,0,692042
gc,2025-08,trades_buy,contaminated,decision_T,0,0,692042
gc,2025-08,trades_sell,contaminated,decision_T,204014,0,692042
gc,2025-08,trades_large,contaminated,decision_T,3064,0,692042
gc,2025-08,mbo_all,contaminated,decision_T,461530,2865,692042
gc,2025-08,mbo_bid_add,contaminated,decision_T,342764,1427,692042
gc,2025-08,mbo_ask_add,contaminated,decision_T,335400,1426,692042
gc,2025-08,mbo_bid_cancel,contaminated,decision_T,338915,7,692042
gc,2025-08,mbo_ask_cancel,contaminated,decision_T,337334,3,692042
gc,2025-08,mbo_cancel_any,contaminated,decision_T,402064,10,692042
zc,2025-01,trades_all,corrected,decision_T,0,0,338158
zc,2025-01,trades_buy,corrected,decision_T,0,0,338158
zc,2025-01,trades_sell,corrected,decision_T,0,0,338158
zc,2025-01,trades_large,corrected,decision_T,0,0,338158
zc,2025-01,mbo_all,corrected,decision_T,0,0,338158
zc,2025-01,mbo_bid_add,corrected,decision_T,0,0,338158
zc,2025-01,mbo_ask_add,corrected,decision_T,0,0,338158
zc,2025-01,mbo_bid_cancel,corrected,decision_T,0,0,338158
zc,2025-01,mbo_ask_cancel,corrected,decision_T,0,0,338158
zc,2025-01,mbo_cancel_any,corrected,decision_T,0,0,338158
zc,2025-01,trades_all,corrected,prev_row_B,89568,20,338158
zc,2025-01,trades_buy,corrected,prev_row_B,0,0,338158
zc,2025-01,trades_sell,corrected,prev_row_B,89568,20,338158
zc,2025-01,trades_large,corrected,prev_row_B,23633,20,338158
zc,2025-01,mbo_all,corrected,prev_row_B,254314,29,338158
zc,2025-01,mbo_bid_add,corrected,prev_row_B,164958,1,338158
zc,2025-01,mbo_ask_add,corrected,prev_row_B,162753,4,338158
zc,2025-01,mbo_bid_cancel,corrected,prev_row_B,135980,23,338158
zc,2025-01,mbo_ask_cancel,corrected,prev_row_B,129333,22,338158
zc,2025-01,mbo_cancel_any,corrected,prev_row_B,179856,24,338158
zc,2025-01,trades_all,contaminated,decision_T,89568,20,338159
zc,2025-01,trades_buy,contaminated,decision_T,0,0,338159
zc,2025-01,trades_sell,contaminated,decision_T,89568,20,338159
zc,2025-01,trades_large,contaminated,decision_T,23633,20,338159
zc,2025-01,mbo_all,contaminated,decision_T,254315,29,338159
zc,2025-01,mbo_bid_add,contaminated,decision_T,164959,1,338159
zc,2025-01,mbo_ask_add,contaminated,decision_T,162754,4,338159
zc,2025-01,mbo_bid_cancel,contaminated,decision_T,135981,23,338159
zc,2025-01,mbo_ask_cancel,contaminated,decision_T,129334,22,338159
zc,2025-01,mbo_cancel_any,contaminated,decision_T,179857,24,338159
zc,2025-08,trades_all,corrected,decision_T,23755,3,554303
zc,2025-08,trades_buy,corrected,decision_T,0,0,554303
zc,2025-08,trades_sell,corrected,decision_T,23755,3,554303
zc,2025-08,trades_large,corrected,decision_T,5567,0,554303
zc,2025-08,mbo_all,corrected,decision_T,90868,2857,554303
zc,2025-08,mbo_bid_add,corrected,decision_T,46280,1040,554303
zc,2025-08,mbo_ask_add,corrected,decision_T,47496,1807,554303
zc,2025-08,mbo_bid_cancel,corrected,decision_T,34610,6,554303
zc,2025-08,mbo_ask_cancel,corrected,decision_T,34311,4,554303
zc,2025-08,mbo_cancel_any,corrected,decision_T,53074,9,554303
zc,2025-08,trades_all,corrected,prev_row_B,92136,3,554303
zc,2025-08,trades_buy,corrected,prev_row_B,0,0,554303
zc,2025-08,trades_sell,corrected,prev_row_B,92136,3,554303
zc,2025-08,trades_large,corrected,prev_row_B,20546,0,554303
zc,2025-08,mbo_all,corrected,prev_row_B,314170,3209,554303
zc,2025-08,mbo_bid_add,corrected,prev_row_B,175168,1187,554303
zc,2025-08,mbo_ask_add,corrected,prev_row_B,172165,2011,554303
zc,2025-08,mbo_bid_cancel,corrected,prev_row_B,131552,6,554303
zc,2025-08,mbo_ask_cancel,corrected,prev_row_B,129614,4,554303
zc,2025-08,mbo_cancel_any,corrected,prev_row_B,196174,9,554303
zc,2025-08,trades_all,contaminated,decision_T,92136,3,554304
zc,2025-08,trades_buy,contaminated,decision_T,0,0,554304
zc,2025-08,trades_sell,contaminated,decision_T,92136,3,554304
zc,2025-08,trades_large,contaminated,decision_T,20546,0,554304
zc,2025-08,mbo_all,contaminated,decision_T,314170,3210,554304
zc,2025-08,mbo_bid_add,contaminated,decision_T,175168,1188,554304
zc,2025-08,mbo_ask_add,contaminated,decision_T,172165,2011,554304
zc,2025-08,mbo_bid_cancel,contaminated,decision_T,131552,6,554304
zc,2025-08,mbo_ask_cancel,contaminated,decision_T,129614,4,554304
zc,2025-08,mbo_cancel_any,contaminated,decision_T,196174,9,554304
zs,2025-01,trades_all,corrected,decision_T,0,0,337844
zs,2025-01,trades_buy,corrected,decision_T,0,0,337844
zs,2025-01,trades_sell,corrected,decision_T,0,0,337844
zs,2025-01,trades_large,corrected,decision_T,0,0,337844
zs,2025-01,mbo_all,corrected,decision_T,0,0,337844
zs,2025-01,mbo_bid_add,corrected,decision_T,0,0,337844
zs,2025-01,mbo_ask_add,corrected,decision_T,0,0,337844
zs,2025-01,mbo_bid_cancel,corrected,decision_T,0,0,337844
zs,2025-01,mbo_ask_cancel,corrected,decision_T,0,0,337844
zs,2025-01,mbo_cancel_any,corrected,decision_T,0,0,337844
zs,2025-01,trades_all,corrected,prev_row_B,78300,16,337844
zs,2025-01,trades_buy,corrected,prev_row_B,0,0,337844
zs,2025-01,trades_sell,corrected,prev_row_B,78300,16,337844
zs,2025-01,trades_large,corrected,prev_row_B,17552,16,337844
zs,2025-01,mbo_all,corrected,prev_row_B,210254,29,337844
zs,2025-01,mbo_bid_add,corrected,prev_row_B,150676,3,337844
zs,2025-01,mbo_ask_add,corrected,prev_row_B,144800,5,337844
zs,2025-01,mbo_bid_cancel,corrected,prev_row_B,137505,19,337844
zs,2025-01,mbo_ask_cancel,corrected,prev_row_B,131636,18,337844
zs,2025-01,mbo_cancel_any,corrected,prev_row_B,169487,20,337844
zs,2025-01,trades_all,contaminated,decision_T,78300,16,337845
zs,2025-01,trades_buy,contaminated,decision_T,0,0,337845
zs,2025-01,trades_sell,contaminated,decision_T,78300,16,337845
zs,2025-01,trades_large,contaminated,decision_T,17552,16,337845
zs,2025-01,mbo_all,contaminated,decision_T,210254,29,337845
zs,2025-01,mbo_bid_add,contaminated,decision_T,150676,3,337845
zs,2025-01,mbo_ask_add,contaminated,decision_T,144800,5,337845
zs,2025-01,mbo_bid_cancel,contaminated,decision_T,137505,19,337845
zs,2025-01,mbo_ask_cancel,contaminated,decision_T,131636,18,337845
zs,2025-01,mbo_cancel_any,contaminated,decision_T,169487,20,337845
zs,2025-08,trades_all,corrected,decision_T,17717,2,465381
zs,2025-08,trades_buy,corrected,decision_T,0,0,465381
zs,2025-08,trades_sell,corrected,decision_T,17717,2,465381
zs,2025-08,trades_large,corrected,decision_T,4511,0,465381
zs,2025-08,mbo_all,corrected,decision_T,64404,2161,465381
zs,2025-08,mbo_bid_add,corrected,decision_T,39806,624,465381
zs,2025-08,mbo_ask_add,corrected,decision_T,39319,1526,465381
zs,2025-08,mbo_bid_cancel,corrected,decision_T,34379,5,465381
zs,2025-08,mbo_ask_cancel,corrected,decision_T,33614,4,465381
zs,2025-08,mbo_cancel_any,corrected,decision_T,46125,8,465381
zs,2025-08,trades_all,corrected,prev_row_B,88011,3,465381
zs,2025-08,trades_buy,corrected,prev_row_B,0,0,465381
zs,2025-08,trades_sell,corrected,prev_row_B,88011,3,465381
zs,2025-08,trades_large,corrected,prev_row_B,21071,0,465381
zs,2025-08,mbo_all,corrected,prev_row_B,296502,2724,465381
zs,2025-08,mbo_bid_add,corrected,prev_row_B,196791,801,465381
zs,2025-08,mbo_ask_add,corrected,prev_row_B,192217,1911,465381
zs,2025-08,mbo_bid_cancel,corrected,prev_row_B,173403,5,465381
zs,2025-08,mbo_ask_cancel,corrected,prev_row_B,167470,4,465381
zs,2025-08,mbo_cancel_any,corrected,prev_row_B,225561,8,465381
zs,2025-08,trades_all,contaminated,decision_T,88011,3,465382
zs,2025-08,trades_buy,contaminated,decision_T,0,0,465382
zs,2025-08,trades_sell,contaminated,decision_T,88011,3,465382
zs,2025-08,trades_large,contaminated,decision_T,21071,0,465382
zs,2025-08,mbo_all,contaminated,decision_T,296502,2725,465382
zs,2025-08,mbo_bid_add,contaminated,decision_T,196791,801,465382
zs,2025-08,mbo_ask_add,contaminated,decision_T,192217,1911,465382
zs,2025-08,mbo_bid_cancel,contaminated,decision_T,173403,6,465382
zs,2025-08,mbo_ask_cancel,contaminated,decision_T,167470,4,465382
zs,2025-08,mbo_cancel_any,contaminated,decision_T,225561,9,465382
he,2025-01,trades_all,corrected,decision_T,0,0,337488
he,2025-01,trades_buy,corrected,decision_T,0,0,337488
he,2025-01,trades_sell,corrected,decision_T,0,0,337488
he,2025-01,trades_large,corrected,decision_T,0,0,337488
he,2025-01,mbo_all,corrected,decision_T,0,1,337488
he,2025-01,mbo_bid_add,corrected,decision_T,0,0,337488
he,2025-01,mbo_ask_add,corrected,decision_T,0,0,337488
he,2025-01,mbo_bid_cancel,corrected,decision_T,0,1,337488
he,2025-01,mbo_ask_cancel,corrected,decision_T,0,0,337488
he,2025-01,mbo_cancel_any,corrected,decision_T,0,1,337488
he,2025-01,trades_all,corrected,prev_row_B,39596,0,337488
he,2025-01,trades_buy,corrected,prev_row_B,0,0,337488
he,2025-01,trades_sell,corrected,prev_row_B,39596,0,337488
he,2025-01,trades_large,corrected,prev_row_B,1846,0,337488
he,2025-01,mbo_all,corrected,prev_row_B,132122,2,337488
he,2025-01,mbo_bid_add,corrected,prev_row_B,81777,0,337488
he,2025-01,mbo_ask_add,corrected,prev_row_B,85367,0,337488
he,2025-01,mbo_bid_cancel,corrected,prev_row_B,78414,2,337488
he,2025-01,mbo_ask_cancel,corrected,prev_row_B,77220,0,337488
he,2025-01,mbo_cancel_any,corrected,prev_row_B,102602,2,337488
he,2025-01,trades_all,contaminated,decision_T,39596,0,337489
he,2025-01,trades_buy,contaminated,decision_T,0,0,337489
he,2025-01,trades_sell,contaminated,decision_T,39596,0,337489
he,2025-01,trades_large,contaminated,decision_T,1846,0,337489
he,2025-01,mbo_all,contaminated,decision_T,132122,2,337489
he,2025-01,mbo_bid_add,contaminated,decision_T,81777,0,337489
he,2025-01,mbo_ask_add,contaminated,decision_T,85367,0,337489
he,2025-01,mbo_bid_cancel,contaminated,decision_T,78414,2,337489
he,2025-01,mbo_ask_cancel,contaminated,decision_T,77220,0,337489
he,2025-01,mbo_cancel_any,contaminated,decision_T,102602,2,337489
he,2025-08,trades_all,corrected,decision_T,0,0,308710
he,2025-08,trades_buy,corrected,decision_T,0,0,308710
he,2025-08,trades_sell,corrected,decision_T,0,0,308710
he,2025-08,trades_large,corrected,decision_T,0,0,308710
he,2025-08,mbo_all,corrected,decision_T,0,15,308710
he,2025-08,mbo_bid_add,corrected,decision_T,0,5,308710
he,2025-08,mbo_ask_add,corrected,decision_T,0,4,308710
he,2025-08,mbo_bid_cancel,corrected,decision_T,0,4,308710
he,2025-08,mbo_ask_cancel,corrected,decision_T,0,0,308710
he,2025-08,mbo_cancel_any,corrected,decision_T,0,4,308710
he,2025-08,trades_all,corrected,prev_row_B,29188,0,308710
he,2025-08,trades_buy,corrected,prev_row_B,0,0,308710
he,2025-08,trades_sell,corrected,prev_row_B,29188,0,308710
he,2025-08,trades_large,corrected,prev_row_B,1485,0,308710
he,2025-08,mbo_all,corrected,prev_row_B,100848,20,308710
he,2025-08,mbo_bid_add,corrected,prev_row_B,50259,8,308710
he,2025-08,mbo_ask_add,corrected,prev_row_B,50764,4,308710
he,2025-08,mbo_bid_cancel,corrected,prev_row_B,46003,5,308710
he,2025-08,mbo_ask_cancel,corrected,prev_row_B,45429,1,308710
he,2025-08,mbo_cancel_any,corrected,prev_row_B,65709,6,308710
he,2025-08,trades_all,contaminated,decision_T,29188,0,308711
he,2025-08,trades_buy,contaminated,decision_T,0,0,308711
he,2025-08,trades_sell,contaminated,decision_T,29188,0,308711
he,2025-08,trades_large,contaminated,decision_T,1485,0,308711
he,2025-08,mbo_all,contaminated,decision_T,100848,21,308711
he,2025-08,mbo_bid_add,contaminated,decision_T,50259,8,308711
he,2025-08,mbo_ask_add,contaminated,decision_T,50764,4,308711
he,2025-08,mbo_bid_cancel,contaminated,decision_T,46003,6,308711
he,2025-08,mbo_ask_cancel,contaminated,decision_T,45429,1,308711
he,2025-08,mbo_cancel_any,contaminated,decision_T,65709,7,308711
le,2025-01,trades_all,corrected,decision_T,0,0,337493
le,2025-01,trades_buy,corrected,decision_T,0,0,337493
le,2025-01,trades_sell,corrected,decision_T,0,0,337493
le,2025-01,trades_large,corrected,decision_T,0,0,337493
le,2025-01,mbo_all,corrected,decision_T,0,1,337493
le,2025-01,mbo_bid_add,corrected,decision_T,0,1,337493
le,2025-01,mbo_ask_add,corrected,decision_T,0,0,337493
le,2025-01,mbo_bid_cancel,corrected,decision_T,0,0,337493
le,2025-01,mbo_ask_cancel,corrected,decision_T,0,0,337493
le,2025-01,mbo_cancel_any,corrected,decision_T,0,0,337493
le,2025-01,trades_all,corrected,prev_row_B,44691,0,337493
le,2025-01,trades_buy,corrected,prev_row_B,0,0,337493
le,2025-01,trades_sell,corrected,prev_row_B,44691,0,337493
le,2025-01,trades_large,corrected,prev_row_B,1680,0,337493
le,2025-01,mbo_all,corrected,prev_row_B,140720,4,337493
le,2025-01,mbo_bid_add,corrected,prev_row_B,93211,2,337493
le,2025-01,mbo_ask_add,corrected,prev_row_B,93626,0,337493
le,2025-01,mbo_bid_cancel,corrected,prev_row_B,91114,1,337493
le,2025-01,mbo_ask_cancel,corrected,prev_row_B,91240,1,337493
le,2025-01,mbo_cancel_any,corrected,prev_row_B,117036,2,337493
le,2025-01,trades_all,contaminated,decision_T,44691,0,337494
le,2025-01,trades_buy,contaminated,decision_T,0,0,337494
le,2025-01,trades_sell,contaminated,decision_T,44691,0,337494
le,2025-01,trades_large,contaminated,decision_T,1680,0,337494
le,2025-01,mbo_all,contaminated,decision_T,140720,4,337494
le,2025-01,mbo_bid_add,contaminated,decision_T,93211,2,337494
le,2025-01,mbo_ask_add,contaminated,decision_T,93626,0,337494
le,2025-01,mbo_bid_cancel,contaminated,decision_T,91114,1,337494
le,2025-01,mbo_ask_cancel,contaminated,decision_T,91240,1,337494
le,2025-01,mbo_cancel_any,contaminated,decision_T,117036,2,337494
le,2025-08,trades_all,corrected,decision_T,0,0,308710
le,2025-08,trades_buy,corrected,decision_T,0,0,308710
le,2025-08,trades_sell,corrected,decision_T,0,0,308710
le,2025-08,trades_large,corrected,decision_T,0,0,308710
le,2025-08,mbo_all,corrected,decision_T,0,13,308710
le,2025-08,mbo_bid_add,corrected,decision_T,0,1,308710
le,2025-08,mbo_ask_add,corrected,decision_T,0,4,308710
le,2025-08,mbo_bid_cancel,corrected,decision_T,0,3,308710
le,2025-08,mbo_ask_cancel,corrected,decision_T,0,4,308710
le,2025-08,mbo_cancel_any,corrected,decision_T,0,7,308710
le,2025-08,trades_all,corrected,prev_row_B,43707,1,308710
le,2025-08,trades_buy,corrected,prev_row_B,0,0,308710
le,2025-08,trades_sell,corrected,prev_row_B,43707,1,308710
le,2025-08,trades_large,corrected,prev_row_B,969,0,308710
le,2025-08,mbo_all,corrected,prev_row_B,119867,20,308710
le,2025-08,mbo_bid_add,corrected,prev_row_B,74252,2,308710
le,2025-08,mbo_ask_add,corrected,prev_row_B,75663,7,308710
le,2025-08,mbo_bid_cancel,corrected,prev_row_B,72634,3,308710
le,2025-08,mbo_ask_cancel,corrected,prev_row_B,73501,7,308710
le,2025-08,mbo_cancel_any,corrected,prev_row_B,93525,10,308710
le,2025-08,trades_all,contaminated,decision_T,43707,1,308711
le,2025-08,trades_buy,contaminated,decision_T,0,0,308711
le,2025-08,trades_sell,contaminated,decision_T,43707,1,308711
le,2025-08,trades_large,contaminated,decision_T,969,0,308711
le,2025-08,mbo_all,contaminated,decision_T,119867,21,308711
le,2025-08,mbo_bid_add,contaminated,decision_T,74252,2,308711
le,2025-08,mbo_ask_add,contaminated,decision_T,75663,7,308711
le,2025-08,mbo_bid_cancel,contaminated,decision_T,72634,4,308711
le,2025-08,mbo_ask_cancel,contaminated,decision_T,73501,7,308711
le,2025-08,mbo_cancel_any,contaminated,decision_T,93525,11,308711
