month,date,in_lattice,lattice_rows,lattice_min,lattice_max,v4_day_file_present,v4_events_in_window,v4_mbo_all_in_window,v4_min,v4_max,v3_events_in_window,v3_mbo_all_in_window,v3_min,v3_max
2025-01,2024-12-30,true,423,2024-12-30 14:11:45.886716601,2024-12-30 21:30:26.899004109,false,,,,,153,153,2024-12-30 14:11:45.886716601,2024-12-30 21:30:25.899004109
2025-01,2024-12-31,true,2197,2024-12-31 14:31:50.555349953,2024-12-31 21:59:57.179139349,false,,,,,371,371,2024-12-31 14:31:50.555349953,2024-12-31 21:59:57.179139349
2025-01,2025-01-02,true,28800,2025-01-02 14:00:00.004939881,2025-01-02 21:59:59.004939881,true,18408962,14667211,2025-01-02 14:00:00.000646391,2025-01-02 21:59:59.693437047,18369704,14667416,2025-01-02 14:00:00.000646391,2025-01-02 21:59:59.693437047
2025-01,2025-01-03,true,28801,2025-01-03 14:00:00.000026311,2025-01-03 21:59:59.859050247,true,11155546,8775210,2025-01-03 14:00:00.000102271,2025-01-03 21:59:59.859050247,11130979,8775210,2025-01-03 14:00:00.000102271,2025-01-03 21:59:59.859050247
2025-01,2025-01-06,true,28800,2025-01-06 14:00:00.001697953,2025-01-06 21:59:59.001697953,true,12914586,10137028,2025-01-06 14:00:00.000764037,2025-01-06 21:59:59.944917363,12884533,10137442,2025-01-06 14:00:00.000764037,2025-01-06 21:59:59.944917363
2025-01,2025-01-07,true,28800,2025-01-07 14:00:00.000015847,2025-01-07 21:59:59.000015847,true,17326791,13773175,2025-01-07 14:00:00.000014075,2025-01-07 21:59:59.948446537,17292284,13773737,2025-01-07 14:00:00.000014075,2025-01-07 21:59:59.948446537
2025-01,2025-01-08,true,28800,2025-01-08 14:00:00.000009993,2025-01-08 21:59:59.000009993,true,16339618,13053515,2025-01-08 14:00:00.000108693,2025-01-08 21:59:59.894503953,16306533,13053753,2025-01-08 14:00:00.000108693,2025-01-08 21:59:59.894503953
2025-01,2025-01-09,true,1802,2025-01-09 14:00:00.000013221,2025-01-09 14:30:01.000013221,true,169397,128208,2025-01-09 14:00:00.042132339,2025-01-09 14:30:00.068045977,168879,128218,2025-01-09 14:00:00.042132339,2025-01-09 14:30:00.068045977
2025-01,2025-01-10,true,28801,2025-01-10 14:00:00.001345469,2025-01-10 21:59:59.907180661,true,18342668,14142653,2025-01-10 14:00:00.001483709,2025-01-10 21:59:59.907180661,18304748,14142653,2025-01-10 14:00:00.001483709,2025-01-10 21:59:59.907180661
2025-01,2025-01-13,true,28800,2025-01-13 14:00:00.002620721,2025-01-13 21:59:59.002620721,true,15903582,12505224,2025-01-13 14:00:00.000079391,2025-01-13 21:59:59.805906265,15876706,12505456,2025-01-13 14:00:00.000079391,2025-01-13 21:59:59.805906265
2025-01,2025-01-14,true,28800,2025-01-14 14:00:00.000009879,2025-01-14 21:59:59.000009879,true,16342610,12842844,2025-01-14 14:00:00.001352077,2025-01-14 21:59:59.807812555,16310190,12843061,2025-01-14 14:00:00.001352077,2025-01-14 21:59:59.807812555
2025-01,2025-01-15,true,28800,2025-01-15 14:00:00.000013105,2025-01-15 21:59:59.000013105,true,12532414,9767200,2025-01-15 14:00:00.000499789,2025-01-15 21:59:59.870248733,12507673,9767543,2025-01-15 14:00:00.000499789,2025-01-15 21:59:59.870248733
2025-01,2025-01-16,true,28800,2025-01-16 14:00:00.007159527,2025-01-16 21:59:59.007159527,true,15160649,12046033,2025-01-16 14:00:00.000499581,2025-01-16 21:59:59.903888935,15137159,12046266,2025-01-16 14:00:00.000499581,2025-01-16 21:59:59.903888935
2025-01,2025-01-17,true,28801,2025-01-17 14:00:00.000015057,2025-01-17 21:59:59.813395599,true,13160302,10197010,2025-01-17 14:00:00.000417565,2025-01-17 21:59:59.813395599,13134938,10197010,2025-01-17 14:00:00.000417565,2025-01-17 21:59:59.813395599
2025-01,2025-01-20,true,17801,2025-01-20 14:00:00.004283375,2025-01-20 21:59:59.680986987,false,,,,,2279312,1850406,2025-01-20 14:00:00.000382461,2025-01-20 21:59:59.680986987
2025-01,2025-01-21,true,28800,2025-01-21 14:00:00.001734603,2025-01-21 21:59:59.001734603,true,13929843,10447724,2025-01-21 14:00:00.000126969,2025-01-21 21:59:59.650233867,13911039,10448056,2025-01-21 14:00:00.000126969,2025-01-21 21:59:59.650233867
2025-01,2025-01-22,true,28800,2025-01-22 14:00:00.000010547,2025-01-22 21:59:59.000010547,true,11557606,8698953,2025-01-22 14:00:00.000138259,2025-01-22 21:59:59.807271979,11542889,8699300,2025-01-22 14:00:00.000138259,2025-01-22 21:59:59.807271979
2025-01,2025-01-23,true,28800,2025-01-23 14:00:00.000011757,2025-01-23 21:59:59.000011757,true,10781382,8541621,2025-01-23 14:00:00.000597091,2025-01-23 21:59:59.945012533,10767774,8541769,2025-01-23 14:00:00.000597091,2025-01-23 21:59:59.945012533
2025-01,2025-01-24,true,28801,2025-01-24 14:00:00.000011095,2025-01-24 21:59:59.914897139,true,11395850,9111928,2025-01-24 14:00:00.000193595,2025-01-24 21:59:59.914897139,11380676,9111928,2025-01-24 14:00:00.000193595,2025-01-24 21:59:59.914897139
2025-01,2025-01-27,true,28800,2025-01-27 14:00:00.000011013,2025-01-27 21:59:59.000011013,true,20270126,17776119,2025-01-27 14:00:00.000165861,2025-01-27 21:59:59.980973837,20231213,17776511,2025-01-27 14:00:00.000165861,2025-01-27 21:59:59.980973837
2025-01,2025-01-28,true,28800,2025-01-28 14:00:00.001067155,2025-01-28 21:59:59.001067155,true,14521017,11891726,2025-01-28 14:00:00.001976091,2025-01-28 21:59:59.910905793,14499238,11892038,2025-01-28 14:00:00.001976091,2025-01-28 21:59:59.910905793
2025-01,2025-01-29,true,28800,2025-01-29 14:00:00.000015459,2025-01-29 21:59:59.000015459,true,17075242,13646875,2025-01-29 14:00:00.000178829,2025-01-29 21:59:59.954468593,17043436,13647113,2025-01-29 14:00:00.000178829,2025-01-29 21:59:59.954468593
2025-01,2025-01-30,true,28800,2025-01-30 14:00:00.058895661,2025-01-30 21:59:59.058895661,true,14542636,12400062,2025-01-30 14:00:00.000528229,2025-01-30 21:59:59.893347863,14512222,12400228,2025-01-30 14:00:00.000528229,2025-01-30 21:59:59.893347863
2025-01,2025-01-31,true,28801,2025-01-31 14:00:00.000011289,2025-01-31 21:59:59.924994381,true,14768482,12677054,2025-01-31 14:00:00.000569655,2025-01-31 21:59:59.924994381,14733502,12677054,2025-01-31 14:00:00.000569655,2025-01-31 21:59:59.924994381
2025-08,2025-07-27,true,2,2025-07-27 21:45:02.423366679,2025-07-27 21:45:02.423366679,false,,,,,1,1,2025-07-27 21:45:02.423366679,2025-07-27 21:45:02.423366679
2025-08,2025-07-28,true,8,2025-07-28 14:13:39.522794547,2025-07-28 16:26:43.032555743,false,,,,,4,4,2025-07-28 14:13:39.522794547,2025-07-28 16:26:42.032555743
2025-08,2025-07-29,true,4,2025-07-29 15:12:00.663749303,2025-07-29 15:16:05.968330025,false,,,,,2,2,2025-07-29 15:12:00.663749303,2025-07-29 15:16:05.968330025
2025-08,2025-07-30,true,193,2025-07-30 16:06:32.228689037,2025-07-30 20:53:05.379689853,false,,,,,44,44,2025-07-30 16:06:32.228689037,2025-07-30 20:53:04.379689853
2025-08,2025-07-31,true,3769,2025-07-31 14:05:36.909372443,2025-07-31 21:59:59.861478049,false,,,,,499,499,2025-07-31 14:05:36.909372443,2025-07-31 21:59:26.922599699
2025-08,2025-08-01,true,25201,2025-08-01 14:00:00.020817297,2025-08-01 20:59:59.990490253,true,15494551,12147261,2025-08-01 14:00:00.000004361,2025-08-01 21:00:00.068025423,15468072,12146247,2025-08-01 14:00:00.000004361,2025-08-01 20:59:59.990490253
2025-08,2025-08-03,true,870,2025-08-03 14:15:20.687935505,2025-08-03 21:59:59.801150795,false,,,,,2591,2586,2025-08-03 14:15:19.687935505,2025-08-03 21:59:39.287462321
2025-08,2025-08-04,true,25549,2025-08-04 14:00:00.004166997,2025-08-04 21:59:59.916463757,true,5915216,4635223,2025-08-04 14:00:00.005882833,2025-08-04 21:59:59.995054625,5901255,4632730,2025-08-04 14:00:00.005882833,2025-08-04 21:59:58.760978755
2025-08,2025-08-05,true,25533,2025-08-05 14:00:00.002500257,2025-08-05 21:59:59.253800393,true,10636756,8494395,2025-08-05 14:00:00.000004243,2025-08-05 21:59:59.995052055,10615959,8493014,2025-08-05 14:00:00.000004243,2025-08-05 21:59:58.764204723
2025-08,2025-08-06,true,25666,2025-08-06 14:00:00.007135423,2025-08-06 21:59:59.031844641,true,7939350,6304024,2025-08-06 14:00:00.000075365,2025-08-06 21:59:59.995053565,7923810,6303087,2025-08-06 14:00:00.000075365,2025-08-06 21:59:58.483229171
2025-08,2025-08-07,true,25492,2025-08-07 14:00:00.000847487,2025-08-07 21:59:59.603910437,true,11239322,8949706,2025-08-07 14:00:00.001082533,2025-08-07 21:59:59.978808217,11218128,8948770,2025-08-07 14:00:00.001082533,2025-08-07 21:59:58.283910673
2025-08,2025-08-08,true,25201,2025-08-08 14:00:00.007910331,2025-08-08 20:59:59.989364483,true,6999652,5632996,2025-08-08 14:00:00.000121837,2025-08-08 21:00:00.068021075,6989061,5632001,2025-08-08 14:00:00.000121837,2025-08-08 20:59:59.989364483
2025-08,2025-08-10,true,549,2025-08-10 21:00:30.003780813,2025-08-10 21:59:59.994632937,false,,,,,256,256,2025-08-10 21:00:30.003780813,2025-08-10 21:59:59.999832007
2025-08,2025-08-11,true,25369,2025-08-11 14:00:00.030972967,2025-08-11 21:59:59.759840781,true,6848698,5484311,2025-08-11 14:00:00.000069865,2025-08-11 21:59:59.978647683,6838482,5483291,2025-08-11 14:00:00.000069865,2025-08-11 21:59:59.840294775
2025-08,2025-08-12,true,25708,2025-08-12 14:00:00.005621757,2025-08-12 21:59:59.016139233,true,6602760,5256938,2025-08-12 14:00:00.000088555,2025-08-12 21:59:59.980035105,6591873,5255882,2025-08-12 14:00:00.000088555,2025-08-12 21:59:58.544269723
2025-08,2025-08-13,true,25468,2025-08-13 14:00:00.003959923,2025-08-13 21:59:59.269593033,true,7836033,6284488,2025-08-13 14:00:00.000002783,2025-08-13 21:59:59.900763109,7824482,6283378,2025-08-13 14:00:00.000002783,2025-08-13 21:59:34.084235129
2025-08,2025-08-14,true,25495,2025-08-14 14:00:00.026727259,2025-08-14 21:59:59.345595229,true,8404999,6722510,2025-08-14 14:00:00.000125481,2025-08-14 21:59:59.995052453,8392265,6721379,2025-08-14 14:00:00.000125481,2025-08-14 21:59:49.273838935
2025-08,2025-08-15,true,25201,2025-08-15 14:00:00.022765123,2025-08-15 20:59:59.908428591,true,7488387,6011361,2025-08-15 14:00:00.007816971,2025-08-15 21:00:00.068019015,7474097,6010334,2025-08-15 14:00:00.007816971,2025-08-15 20:59:59.908428591
2025-08,2025-08-17,true,391,2025-08-17 21:00:00.507681665,2025-08-17 21:59:59.008457679,false,,,,,126,126,2025-08-17 21:00:00.507681665,2025-08-17 21:59:55.052251923
2025-08,2025-08-18,true,25461,2025-08-18 14:00:00.007296553,2025-08-18 21:59:59.025517107,true,6043953,4866913,2025-08-18 14:00:00.000105087,2025-08-18 21:59:59.995082661,6034437,4865892,2025-08-18 14:00:00.000105087,2025-08-18 21:59:58.084793143
2025-08,2025-08-19,true,25427,2025-08-19 14:00:00.037523187,2025-08-19 21:59:59.544766543,true,9173383,7232523,2025-08-19 14:00:00.000063469,2025-08-19 21:59:59.979349571,9158331,7231527,2025-08-19 14:00:00.000063469,2025-08-19 21:59:58.230674783
2025-08,2025-08-20,true,25580,2025-08-20 14:00:00.001955837,2025-08-20 21:59:59.673639053,true,12110266,9514289,2025-08-20 14:00:00.000081145,2025-08-20 21:59:59.995087027,12084935,9513181,2025-08-20 14:00:00.000081145,2025-08-20 21:59:48.774069211
2025-08,2025-08-21,true,25504,2025-08-21 14:00:00.001011363,2025-08-21 21:59:59.288110345,true,9785679,7881280,2025-08-21 14:00:00.002025969,2025-08-21 21:59:59.979949405,9768735,7879955,2025-08-21 14:00:00.002025969,2025-08-21 21:59:51.563776323
2025-08,2025-08-22,true,25201,2025-08-22 14:00:00.000968119,2025-08-22 20:59:59.908669759,true,9597016,7873422,2025-08-22 14:00:00.000051389,2025-08-22 21:00:00.068008385,9573667,7872242,2025-08-22 14:00:00.000051389,2025-08-22 20:59:59.908669759
2025-08,2025-08-24,true,341,2025-08-24 21:00:00.141634583,2025-08-24 21:59:59.565393311,false,,,,,140,140,2025-08-24 21:00:00.141634583,2025-08-24 21:59:59.999531941
2025-08,2025-08-25,true,25449,2025-08-25 14:00:00.010470911,2025-08-25 21:59:59.907209391,true,6357980,5100009,2025-08-25 14:00:00.005858695,2025-08-25 21:59:59.982310177,6348621,5098778,2025-08-25 14:00:00.005858695,2025-08-25 21:59:56.395574041
2025-08,2025-08-26,true,25454,2025-08-26 14:00:00.001933031,2025-08-26 21:59:59.747103439,true,6537266,5299131,2025-08-26 14:00:00.006610663,2025-08-26 21:59:59.995117109,6527731,5297958,2025-08-26 14:00:00.006610663,2025-08-26 21:59:59.890028421
2025-08,2025-08-27,true,25570,2025-08-27 14:00:00.002978329,2025-08-27 21:59:59.701072827,true,6306489,5107286,2025-08-27 14:00:00.000087129,2025-08-27 21:59:59.960214821,6292869,5106078,2025-08-27 14:00:00.000087129,2025-08-27 21:59:32.606843357
2025-08,2025-08-28,true,25674,2025-08-28 14:00:00.023844373,2025-08-28 21:59:59.331475639,true,6531178,5181780,2025-08-28 14:00:00.002146515,2025-08-28 21:59:59.995069821,6518005,5180522,2025-08-28 14:00:00.002146515,2025-08-28 21:59:58.072992867
2025-08,2025-08-29,true,25201,2025-08-29 14:00:00.007780661,2025-08-29 20:59:59.911709147,true,8348741,6597654,2025-08-29 14:00:00.001086121,2025-08-29 21:00:00.068025619,8329021,6596236,2025-08-29 14:00:00.001086121,2025-08-29 20:59:59.911709147
2025-09,2025-08-31,true,171,2025-08-31 21:15:55.669014397,2025-08-31 21:59:59.320142511,false,,,,,140,140,2025-08-31 21:15:55.669014397,2025-08-31 21:59:59.999738517
2025-09,2025-09-01,true,13586,2025-09-01 14:00:00.050671613,2025-09-01 21:59:59.847592899,false,,,,,274740,213839,2025-09-01 14:00:00.005278253,2025-09-01 21:59:24.195255093
2025-09,2025-09-02,true,25680,2025-09-02 14:00:00.046264687,2025-09-02 21:59:59.431040779,true,10612207,8586672,2025-09-02 14:00:00.000004667,2025-09-02 21:59:59.999708113,10592833,8585381,2025-09-02 14:00:00.000004667,2025-09-02 21:59:57.139699747
2025-09,2025-09-03,true,25514,2025-09-03 14:00:00.033601021,2025-09-03 21:59:59.492151335,true,9227663,7452053,2025-09-03 14:00:00.000278299,2025-09-03 21:59:59.979833523,9210072,7450931,2025-09-03 14:00:00.000278299,2025-09-03 21:59:53.801049615
2025-09,2025-09-04,true,25571,2025-09-04 14:00:00.013532837,2025-09-04 21:59:59.406021489,true,6620257,5275793,2025-09-04 14:00:00.001946037,2025-09-04 21:59:59.995050081,6604927,5274555,2025-09-04 14:00:00.001946037,2025-09-04 21:59:59.450345637
2025-09,2025-09-05,true,25201,2025-09-05 14:00:00.024394053,2025-09-05 20:59:59.908580533,true,13316662,10588829,2025-09-05 14:00:00.000084703,2025-09-05 21:00:00.068012987,13293050,10587703,2025-09-05 14:00:00.000084703,2025-09-05 20:59:59.908580533
2025-09,2025-09-07,true,378,2025-09-07 21:00:00.354576291,2025-09-07 21:59:59.272444297,false,,,,,227,227,2025-09-07 21:00:00.354576291,2025-09-07 21:59:58.771970325
2025-09,2025-09-08,true,25783,2025-09-08 14:00:00.004088419,2025-09-08 21:59:59.644852851,true,7094707,5748209,2025-09-08 14:00:00.000072337,2025-09-08 21:59:59.979714183,7084174,5747138,2025-09-08 14:00:00.000072337,2025-09-08 21:59:57.978829199
2025-09,2025-09-09,true,25412,2025-09-09 14:00:00.002118841,2025-09-09 21:59:59.574111323,true,7869382,6385703,2025-09-09 14:00:00.000133867,2025-09-09 21:59:59.981455131,7856101,6384693,2025-09-09 14:00:00.000133867,2025-09-09 21:59:58.210987033
2025-09,2025-09-10,true,25292,2025-09-10 14:00:00.043770237,2025-09-10 21:59:59.689309955,true,8610401,7060640,2025-09-10 14:00:00.001950875,2025-09-10 21:59:59.978534771,8598580,7059939,2025-09-10 14:00:00.001950875,2025-09-10 21:59:41.041080631
2025-09,2025-09-11,true,25395,2025-09-11 14:00:00.002235947,2025-09-11 21:59:59.394420483,true,6618389,5251923,2025-09-11 14:00:00.000053263,2025-09-11 21:59:59.995017437,6608726,5251064,2025-09-11 14:00:00.000053263,2025-09-11 21:59:58.414257041
2025-09,2025-09-12,true,25201,2025-09-12 14:00:00.003310267,2025-09-12 20:59:59.908355701,true,6115736,4902972,2025-09-12 14:00:00.004159957,2025-09-12 21:00:00.068008815,6107002,4902097,2025-09-12 14:00:00.004159957,2025-09-12 20:59:59.908355701
2025-09,2025-09-14,true,230,2025-09-14 21:15:03.167712971,2025-09-14 21:59:59.652692407,false,,,,,126,126,2025-09-14 21:15:03.167712971,2025-09-14 21:59:59.999806767
2025-09,2025-09-15,true,25420,2025-09-15 14:00:00.182241077,2025-09-15 21:59:59.670111139,true,5047028,3737737,2025-09-15 14:00:00.001709683,2025-09-15 21:59:59.995033139,5040211,3737221,2025-09-15 14:00:00.001709683,2025-09-15 21:59:25.006956885
2025-09,2025-09-16,true,25337,2025-09-16 14:00:00.039527533,2025-09-16 21:59:59.336010757,true,3973303,2457748,2025-09-16 14:00:00.001747343,2025-09-16 21:59:59.999707917,3968985,2457309,2025-09-16 14:00:00.001747343,2025-09-16 21:59:35.108863387
2025-09,2025-09-17,true,25346,2025-09-17 14:00:00.033858145,2025-09-17 21:59:59.828203567,true,8509411,6556390,2025-09-17 14:00:00.002935587,2025-09-17 21:59:59.031448045,8500045,6555992,2025-09-17 14:00:00.002935587,2025-09-17 21:59:49.847711879
2025-09,2025-09-18,true,25619,2025-09-18 14:00:00.002898035,2025-09-18 21:59:59.110335255,true,7364731,5792162,2025-09-18 14:00:00.000282385,2025-09-18 21:59:59.999707625,7352824,5791151,2025-09-18 14:00:00.000282385,2025-09-18 21:59:59.734643053
2025-09,2025-09-19,true,25201,2025-09-19 14:00:00.001266697,2025-09-19 20:59:59.975161001,true,6714907,5451605,2025-09-19 14:00:00.000107963,2025-09-19 21:00:00.068028139,6703735,5450398,2025-09-19 14:00:00.000107963,2025-09-19 20:59:59.975161001
2025-09,2025-09-21,true,598,2025-09-21 21:01:13.696226729,2025-09-21 21:59:59.322268401,false,,,,,436,436,2025-09-21 21:01:13.696226729,2025-09-21 21:59:57.714268605
2025-09,2025-09-22,true,25684,2025-09-22 14:00:00.043255461,2025-09-22 21:59:59.669672993,true,7751331,6366021,2025-09-22 14:00:00.002053247,2025-09-22 21:59:59.960869033,7742903,6364767,2025-09-22 14:00:00.002053247,2025-09-22 21:59:01.675985009
2025-09,2025-09-23,true,25574,2025-09-23 14:00:00.180583309,2025-09-23 21:59:59.450157905,true,11521442,9590977,2025-09-23 14:00:00.002187257,2025-09-23 21:59:59.999708657,11509842,9589825,2025-09-23 14:00:00.002187257,2025-09-23 21:59:59.507517205
2025-09,2025-09-24,true,25459,2025-09-24 14:00:00.018246287,2025-09-24 21:57:51.474683481,true,9869600,8082816,2025-09-24 14:00:00.002546941,2025-09-24 21:59:59.995045807,9858994,8081900,2025-09-24 14:00:00.002546941,2025-09-24 21:57:50.781934825
2025-09,2025-09-25,true,25400,2025-09-25 14:00:00.001265725,2025-09-25 21:55:32.013312479,true,13427326,10786692,2025-09-25 14:00:00.000085147,2025-09-25 21:59:59.994896271,13409358,10785636,2025-09-25 14:00:00.000085147,2025-09-25 21:55:31.270633277
2025-09,2025-09-26,true,25201,2025-09-26 14:00:00.005533419,2025-09-26 20:59:59.715034383,true,10711242,8534183,2025-09-26 14:00:00.004816737,2025-09-26 21:00:00.068025237,10694118,8532990,2025-09-26 14:00:00.004816737,2025-09-26 20:59:59.715034383
2025-09,2025-09-28,true,504,2025-09-28 21:02:15.002579817,2025-09-28 21:59:59.201655605,false,,,,,305,305,2025-09-28 21:02:15.002579817,2025-09-28 21:59:56.077426529
2025-09,2025-09-29,true,25473,2025-09-29 14:00:00.007093077,2025-09-29 21:59:59.153981563,true,9338564,7601790,2025-09-29 14:00:00.004799855,2025-09-29 21:59:59.961283135,9328104,7600539,2025-09-29 14:00:00.004799855,2025-09-29 21:59:58.657416395
2025-09,2025-09-30,true,25201,2025-09-30 14:00:00.035742887,2025-09-30 20:59:59.988376271,true,9973343,7844550,2025-09-30 14:00:00.007507361,2025-09-30 21:59:59.960746211,9956549,7843092,2025-09-30 14:00:00.007507361,2025-09-30 20:59:59.988376271
2025-10,2025-09-28,true,9,2025-09-28 21:45:00.254420635,2025-09-28 21:55:06.012018093,false,,,,,20,20,2025-09-28 21:45:00.254420635,2025-09-28 21:55:05.295988659
2025-10,2025-09-29,true,245,2025-09-29 14:07:03.961259441,2025-09-29 21:55:05.014765901,false,,,,,70,70,2025-09-29 14:07:03.961259441,2025-09-29 21:55:04.953005697
2025-10,2025-09-30,true,1578,2025-09-30 14:01:29.799904633,2025-09-30 21:59:59.203936841,false,,,,,381,381,2025-09-30 14:01:29.799904633,2025-09-30 21:59:52.166388827
2025-10,2025-10-01,true,25688,2025-10-01 14:00:00.011953061,2025-10-01 21:59:59.213581405,true,7220398,5793882,2025-10-01 14:00:00.000073927,2025-10-01 21:59:59.962939241,7209282,5792470,2025-10-01 14:00:00.000073927,2025-10-01 21:59:14.307727739
2025-10,2025-10-02,true,25552,2025-10-02 14:00:00.005278437,2025-10-02 21:59:59.695915603,true,9253856,7607296,2025-10-02 14:00:00.000288233,2025-10-02 21:59:59.900783465,9243735,7605875,2025-10-02 14:00:00.000288233,2025-10-02 21:59:31.655924489
2025-10,2025-10-03,true,25201,2025-10-03 14:00:00.001474443,2025-10-03 20:59:59.695409845,true,10680217,8523554,2025-10-03 14:00:00.000004077,2025-10-03 21:00:00.068015211,10663762,8522378,2025-10-03 14:00:00.000004077,2025-10-03 20:59:59.695409845
2025-10,2025-10-05,true,660,2025-10-05 21:15:00.429026387,2025-10-05 21:59:59.999709333,false,,,,,336,336,2025-10-05 21:15:00.429026387,2025-10-05 21:59:59.999709333
2025-10,2025-10-06,true,25619,2025-10-06 14:00:00.001701285,2025-10-06 21:59:59.129958381,true,8041668,6500396,2025-10-06 14:00:00.000065965,2025-10-06 21:59:59.900669227,8033269,6499282,2025-10-06 14:00:00.000065965,2025-10-06 21:59:51.400083989
2025-10,2025-10-07,true,25548,2025-10-07 14:00:00.002121385,2025-10-07 21:59:59.944334141,true,11470693,9113586,2025-10-07 14:00:00.000115505,2025-10-07 21:59:59.994979235,11452639,9112592,2025-10-07 14:00:00.000115505,2025-10-07 21:59:47.513301199
2025-10,2025-10-08,true,25698,2025-10-08 14:00:00.001009483,2025-10-08 21:59:59.974630813,true,7214086,5911994,2025-10-08 14:00:00.000064395,2025-10-08 21:59:59.944624911,7204901,5910950,2025-10-08 14:00:00.000064395,2025-10-08 21:59:15.092369441
2025-10,2025-10-09,true,25541,2025-10-09 14:00:00.002298451,2025-10-09 21:59:59.725384161,true,11118761,9283588,2025-10-09 14:00:00.000677787,2025-10-09 21:59:59.900710849,11106745,9282364,2025-10-09 14:00:00.000677787,2025-10-09 21:59:26.318875507
2025-10,2025-10-10,true,25201,2025-10-10 14:00:00.021027491,2025-10-10 20:59:59.908403455,true,23263692,19404174,2025-10-10 14:00:00.002403903,2025-10-10 21:00:00.068013755,23199091,19403052,2025-10-10 14:00:00.002403903,2025-10-10 20:59:59.908403455
2025-10,2025-10-12,true,529,2025-10-12 21:00:04.819298671,2025-10-12 21:59:59.969436935,false,,,,,329,329,2025-10-12 21:00:04.819298671,2025-10-12 21:59:59.999539007
2025-10,2025-10-13,true,25488,2025-10-13 14:00:00.000117297,2025-10-13 21:59:59.463228755,true,10846913,8577729,2025-10-13 14:00:00.000056657,2025-10-13 21:59:59.900657013,10829607,8576839,2025-10-13 14:00:00.000056657,2025-10-13 21:59:47.974753615
2025-10,2025-10-14,true,25572,2025-10-14 14:00:00.007049001,2025-10-14 21:59:59.549475139,true,13243246,10701647,2025-10-14 14:00:00.000062941,2025-10-14 21:59:59.962328625,13217684,10700610,2025-10-14 14:00:00.000062941,2025-10-14 21:59:59.522572187
2025-10,2025-10-15,true,25567,2025-10-15 14:00:00.005352219,2025-10-15 21:59:59.609575639,true,14604005,11961671,2025-10-15 14:00:00.000135651,2025-10-15 21:59:59.900658015,14579788,11960525,2025-10-15 14:00:00.000135651,2025-10-15 21:59:33.793115813
2025-10,2025-10-16,true,25470,2025-10-16 14:00:00.000991695,2025-10-16 21:58:10.100428673,true,18181814,15588182,2025-10-16 14:00:00.000060733,2025-10-16 21:59:59.900799873,18140382,15587148,2025-10-16 14:00:00.000060733,2025-10-16 21:58:09.100428673
2025-10,2025-10-17,true,25201,2025-10-17 14:00:00.005699699,2025-10-17 20:59:59.768834005,true,15389108,12620877,2025-10-17 14:00:00.000387721,2025-10-17 21:00:00.068019341,15359523,12619739,2025-10-17 14:00:00.000387721,2025-10-17 20:59:59.768834005
2025-10,2025-10-19,true,539,2025-10-19 21:00:30.003475119,2025-10-19 21:59:59.920941199,false,,,,,426,426,2025-10-19 21:00:30.003475119,2025-10-19 21:59:58.362178817
2025-10,2025-10-20,true,25484,2025-10-20 14:00:00.008500005,2025-10-20 21:57:34.095799845,true,7998913,6474156,2025-10-20 14:00:00.001385781,2025-10-20 21:59:59.900625949,7988180,6473052,2025-10-20 14:00:00.001385781,2025-10-20 21:57:33.432050525
2025-10,2025-10-21,true,25936,2025-10-21 14:00:00.000007469,2025-10-21 21:59:59.075363003,true,9732464,7772799,2025-10-21 14:00:00.000089807,2025-10-21 21:59:59.995072357,9719716,7771737,2025-10-21 14:00:00.000089807,2025-10-21 21:59:53.940892961
2025-10,2025-10-22,true,25580,2025-10-22 14:00:00.001299035,2025-10-22 21:58:31.382647519,true,17359460,13562475,2025-10-22 14:00:00.000073207,2025-10-22 21:59:59.995011153,17325294,13561455,2025-10-22 14:00:00.000073207,2025-10-22 21:58:30.443107325
2025-10,2025-10-23,true,25666,2025-10-23 14:00:00.005563387,2025-10-23 21:59:59.999753279,true,9608659,7845117,2025-10-23 14:00:00.003027977,2025-10-23 21:59:59.960290901,9592200,7843841,2025-10-23 14:00:00.003027977,2025-10-23 21:59:55.485237573
2025-10,2025-10-24,true,25201,2025-10-24 14:00:00.001410329,2025-10-24 20:59:59.908332355,true,7821828,6340338,2025-10-24 14:00:00.000558281,2025-10-24 21:00:00.068010083,7810014,6339154,2025-10-24 14:00:00.000558281,2025-10-24 20:59:59.908332355
2025-10,2025-10-26,true,716,2025-10-26 21:00:01.393005189,2025-10-26 21:59:59.984388931,false,,,,,335,335,2025-10-26 21:00:01.393005189,2025-10-26 21:59:59.999538127
2025-10,2025-10-27,true,25478,2025-10-27 14:00:00.001314873,2025-10-27 21:59:59.141437383,true,6528428,5280523,2025-10-27 14:00:00.000100357,2025-10-27 21:59:59.900596417,6519299,5279297,2025-10-27 14:00:00.000100357,2025-10-27 21:59:49.655438693
2025-10,2025-10-28,true,25537,2025-10-28 14:00:00.001278059,2025-10-28 21:58:54.208226883,true,8604673,7031381,2025-10-28 14:00:00.002174949,2025-10-28 21:59:59.900565033,8593183,7030420,2025-10-28 14:00:00.002174949,2025-10-28 21:58:53.535497961
2025-10,2025-10-29,true,25527,2025-10-29 14:00:00.014581341,2025-10-29 21:59:59.943823943,true,13383853,11079214,2025-10-29 14:00:00.000569927,2025-10-29 21:59:59.994943365,13352736,11078286,2025-10-29 14:00:00.000569927,2025-10-29 21:59:52.934296627
2025-10,2025-10-30,true,25554,2025-10-30 14:00:00.007181627,2025-10-30 21:59:59.550425903,true,15430029,12677257,2025-10-30 14:00:00.002528359,2025-10-30 21:59:59.960126409,15406382,12676141,2025-10-30 14:00:00.002528359,2025-10-30 21:59:54.303192911
2025-10,2025-10-31,true,25201,2025-10-31 14:00:00.003944495,2025-10-31 20:59:59.997018327,true,15114488,12383223,2025-10-31 14:00:00.000138113,2025-10-31 21:00:00.068028443,15093954,12382201,2025-10-31 14:00:00.000138113,2025-10-31 20:59:59.997018327
2025-11,2025-11-03,true,28800,2025-11-03 14:00:00.000024053,2025-11-03 21:59:59.000024053,true,14064579,11553459,2025-11-03 14:00:00.000082427,2025-11-03 21:59:59.908216635,14047339,11553824,2025-11-03 14:00:00.000082427,2025-11-03 21:59:59.908216635
2025-11,2025-11-04,true,28800,2025-11-04 14:00:00.006165795,2025-11-04 21:59:59.006165795,true,17937631,14600755,2025-11-04 14:00:00.000456269,2025-11-04 21:59:59.908668871,17914399,14601059,2025-11-04 14:00:00.000456269,2025-11-04 21:59:59.908668871
2025-11,2025-11-05,true,28800,2025-11-05 14:00:00.000010561,2025-11-05 21:59:59.000010561,true,13837533,11657516,2025-11-05 14:00:00.000141691,2025-11-05 21:59:59.947926141,13814278,11657776,2025-11-05 14:00:00.000141691,2025-11-05 21:59:59.947926141
2025-11,2025-11-06,true,28800,2025-11-06 14:00:00.000009693,2025-11-06 21:59:59.000009693,true,22263204,17478644,2025-11-06 14:00:00.000127063,2025-11-06 21:59:59.997640769,22223883,17478916,2025-11-06 14:00:00.000127063,2025-11-06 21:59:59.997640769
2025-11,2025-11-07,true,28801,2025-11-07 14:00:00.000011497,2025-11-07 21:59:59.705977835,true,20108091,16007667,2025-11-07 14:00:00.000197381,2025-11-07 21:59:59.705977835,20068550,16007667,2025-11-07 14:00:00.000197381,2025-11-07 21:59:59.705977835
2025-11,2025-11-10,true,28800,2025-11-10 14:00:00.000021323,2025-11-10 21:59:59.000021323,true,15496460,12688402,2025-11-10 14:00:00.000066797,2025-11-10 21:59:59.909004375,15477974,12688871,2025-11-10 14:00:00.000066797,2025-11-10 21:59:59.909004375
2025-11,2025-11-11,true,28800,2025-11-11 14:00:00.000015943,2025-11-11 21:59:59.000015943,true,15254690,12452116,2025-11-11 14:00:00.000298145,2025-11-11 21:59:59.908854177,15236785,12452337,2025-11-11 14:00:00.000298145,2025-11-11 21:59:59.908854177
2025-11,2025-11-12,true,28800,2025-11-12 14:00:00.000013997,2025-11-12 21:59:59.000013997,true,19940712,16509851,2025-11-12 14:00:00.000172327,2025-11-12 21:59:59.908284571,19917064,16510068,2025-11-12 14:00:00.000172327,2025-11-12 21:59:59.908284571
2025-11,2025-11-13,true,28800,2025-11-13 14:00:00.000016535,2025-11-13 21:59:59.000016535,true,25334374,20445839,2025-11-13 14:00:00.000585395,2025-11-13 21:59:59.908336213,25296485,20446127,2025-11-13 14:00:00.000585395,2025-11-13 21:59:59.908336213
2025-11,2025-11-14,true,28801,2025-11-14 14:00:00.000011129,2025-11-14 21:59:59.970594247,true,25186050,20381666,2025-11-14 14:00:00.000061851,2025-11-14 21:59:59.970594247,25149121,20381666,2025-11-14 14:00:00.000061851,2025-11-14 21:59:59.970594247
2025-11,2025-11-17,true,28800,2025-11-17 14:00:00.000011451,2025-11-17 21:59:59.000011451,true,24357822,19826494,2025-11-17 14:00:00.000095295,2025-11-17 21:59:59.999330145,24322224,19826864,2025-11-17 14:00:00.000095295,2025-11-17 21:59:59.999330145
2025-11,2025-11-18,true,28800,2025-11-18 14:00:00.000010445,2025-11-18 21:59:59.000010445,true,26105246,22588952,2025-11-18 14:00:00.000078207,2025-11-18 21:59:59.958927279,26045417,22589240,2025-11-18 14:00:00.000078207,2025-11-18 21:59:59.958927279
2025-11,2025-11-19,true,28800,2025-11-19 14:00:00.000008453,2025-11-19 21:59:59.000008453,true,25013551,22274439,2025-11-19 14:00:00.000416755,2025-11-19 21:59:59.973900289,24969657,22274607,2025-11-19 14:00:00.000416755,2025-11-19 21:59:59.973900289
2025-11,2025-11-20,true,28800,2025-11-20 14:00:00.000013879,2025-11-20 21:59:59.000013879,true,32754828,28599965,2025-11-20 14:00:00.001896175,2025-11-20 21:59:59.993736437,32678897,28600379,2025-11-20 14:00:00.001896175,2025-11-20 21:59:59.993736437
2025-11,2025-11-21,true,28801,2025-11-21 14:00:00.000014235,2025-11-21 21:59:59.908270529,true,29452087,24239069,2025-11-21 14:00:00.000285391,2025-11-21 21:59:59.908270529,29395049,24239069,2025-11-21 14:00:00.000285391,2025-11-21 21:59:59.908270529
2025-11,2025-11-24,true,28800,2025-11-24 14:00:00.000010809,2025-11-24 21:59:59.000010809,true,17765897,15125584,2025-11-24 14:00:00.000073337,2025-11-24 21:59:59.963973027,17741092,15126025,2025-11-24 14:00:00.000073337,2025-11-24 21:59:59.963973027
2025-11,2025-11-25,true,28800,2025-11-25 14:00:00.000009337,2025-11-25 21:59:59.000009337,true,19819646,15697766,2025-11-25 14:00:00.002178877,2025-11-25 21:59:59.909467083,19791188,15698208,2025-11-25 14:00:00.002178877,2025-11-25 21:59:59.909467083
2025-11,2025-11-26,true,28800,2025-11-26 14:00:00.000008937,2025-11-26 21:59:59.000008937,true,14707134,11868003,2025-11-26 14:00:00.000549193,2025-11-26 21:59:59.908184203,14688621,11868384,2025-11-26 14:00:00.000549193,2025-11-26 21:59:59.908184203
2025-11,2025-11-27,true,16760,2025-11-27 14:00:00.000009469,2025-11-27 21:59:30.851891769,false,,,,,465145,356970,2025-11-27 14:00:00.002300793,2025-11-27 21:59:29.851891769
2025-11,2025-11-28,true,15301,2025-11-28 14:00:00.698701113,2025-11-28 18:15:00.068071121,false,,,,,3455358,2786416,2025-11-28 14:00:00.148773467,2025-11-28 18:15:00.068071121
2025-12,2025-12-01,true,28800,2025-12-01 14:00:00.000016281,2025-12-01 21:59:59.000016281,true,16760578,13827204,2025-12-01 14:00:00.000284177,2025-12-01 21:59:59.908706823,16743345,13827472,2025-12-01 14:00:00.000284177,2025-12-01 21:59:59.908706823
2025-12,2025-12-02,true,28800,2025-12-02 14:00:00.000009071,2025-12-02 21:59:59.000009071,true,19724943,16336785,2025-12-02 14:00:00.000142057,2025-12-02 21:59:59.995005397,19705306,16337074,2025-12-02 14:00:00.000142057,2025-12-02 21:59:59.995005397
2025-12,2025-12-03,true,28800,2025-12-03 14:00:00.000013365,2025-12-03 21:59:59.000013365,true,15168291,12251581,2025-12-03 14:00:00.000247881,2025-12-03 21:59:59.944675139,15143219,12251828,2025-12-03 14:00:00.000247881,2025-12-03 21:59:59.944675139
2025-12,2025-12-04,true,28800,2025-12-04 14:00:00.000010341,2025-12-04 21:59:59.000010341,true,17178985,14459306,2025-12-04 14:00:00.000090695,2025-12-04 21:59:59.908410981,17161275,14459446,2025-12-04 14:00:00.000090695,2025-12-04 21:59:59.908410981
2025-12,2025-12-05,true,28801,2025-12-05 14:00:00.000011419,2025-12-05 21:59:59.938381141,true,15244361,12883274,2025-12-05 14:00:00.000178241,2025-12-05 21:59:59.938381141,15228747,12883274,2025-12-05 14:00:00.000178241,2025-12-05 21:59:59.938381141
2025-12,2025-12-08,true,28800,2025-12-08 14:00:00.000018733,2025-12-08 21:59:59.000018733,true,14191217,11800445,2025-12-08 14:00:00.000351633,2025-12-08 21:59:59.908479065,14174882,11800739,2025-12-08 14:00:00.000351633,2025-12-08 21:59:59.908479065
2025-12,2025-12-09,true,28800,2025-12-09 14:00:00.000010503,2025-12-09 21:59:59.000010503,true,11657398,9951252,2025-12-09 14:00:00.000177159,2025-12-09 21:59:59.922323233,11646695,9951396,2025-12-09 14:00:00.000177159,2025-12-09 21:59:59.922323233
2025-12,2025-12-10,true,28800,2025-12-10 14:00:00.000010623,2025-12-10 21:59:59.000010623,true,16254941,13651566,2025-12-10 14:00:00.000191567,2025-12-10 21:59:59.971476567,16230480,13651771,2025-12-10 14:00:00.000191567,2025-12-10 21:59:59.971476567
2025-12,2025-12-11,true,28800,2025-12-11 14:00:00.001912767,2025-12-11 21:59:59.001912767,true,16204949,13348168,2025-12-11 14:00:00.000192779,2025-12-11 21:59:59.784844573,16179712,13348283,2025-12-11 14:00:00.000192779,2025-12-11 21:59:59.784844573
2025-12,2025-12-12,true,28801,2025-12-12 14:00:00.000012125,2025-12-12 21:59:59.924726475,true,21186604,17449378,2025-12-12 14:00:00.000056911,2025-12-12 21:59:59.924726475,21149154,17449378,2025-12-12 14:00:00.000056911,2025-12-12 21:59:59.924726475
2025-12,2025-12-14,true,1,2025-12-14 14:09:05.065824739,2025-12-14 14:09:05.065824739,false,,,,,1172,1167,2025-12-14 14:09:04.065824739,2025-12-14 14:09:04.065824739
2025-12,2025-12-15,true,28800,2025-12-15 14:00:00.000014673,2025-12-15 21:59:59.000014673,true,13919024,9271361,2025-12-15 14:00:00.002333235,2025-12-15 21:59:59.908841771,13895926,9271576,2025-12-15 14:00:00.002333235,2025-12-15 21:59:59.908841771
2025-12,2025-12-16,true,28800,2025-12-16 14:00:00.000009743,2025-12-16 21:59:59.000009743,true,16067747,10724804,2025-12-16 14:00:00.002884697,2025-12-16 21:59:59.909399315,16057132,10724873,2025-12-16 14:00:00.002884697,2025-12-16 21:59:59.909399315
2025-12,2025-12-17,true,28800,2025-12-17 14:00:00.003503213,2025-12-17 21:59:59.003503213,true,20754161,16895524,2025-12-17 14:00:00.000037563,2025-12-17 21:59:59.872319909,20724751,16895804,2025-12-17 14:00:00.000037563,2025-12-17 21:59:59.872319909
2025-12,2025-12-18,true,28800,2025-12-18 14:00:00.000008549,2025-12-18 21:59:59.000008549,true,19915560,16244270,2025-12-18 14:00:00.000147661,2025-12-18 21:59:59.778687395,19892880,16244471,2025-12-18 14:00:00.000147661,2025-12-18 21:59:59.778687395
2025-12,2025-12-19,true,28801,2025-12-19 14:00:00.000009821,2025-12-19 21:59:59.934843431,true,13106271,10766840,2025-12-19 14:00:00.001011083,2025-12-19 21:59:59.934843431,13089875,10766840,2025-12-19 14:00:00.001011083,2025-12-19 21:59:59.934843431
2025-12,2025-12-22,true,28800,2025-12-22 14:00:00.000010527,2025-12-22 21:59:59.000010527,true,10019403,8381271,2025-12-22 14:00:00.000117961,2025-12-22 21:59:59.860318709,10009170,8381600,2025-12-22 14:00:00.000117961,2025-12-22 21:59:59.860318709
2025-12,2025-12-23,true,28800,2025-12-23 14:00:00.000015405,2025-12-23 21:59:59.000015405,true,8040991,6752250,2025-12-23 14:00:00.000053705,2025-12-23 21:59:59.909153575,8031717,6752670,2025-12-23 14:00:00.000053705,2025-12-23 21:59:59.909153575
2025-12,2025-12-24,true,15302,2025-12-24 14:00:00.000015035,2025-12-24 18:15:00.068053293,true,3500491,3059942,2025-12-24 14:00:00.001327487,2025-12-24 18:15:00.068053293,3496073,3060106,2025-12-24 14:00:00.001327487,2025-12-24 18:15:00.068053293
2025-12,2025-12-26,true,28801,2025-12-26 14:00:00.000013455,2025-12-26 21:59:59.908476851,true,6209219,5499304,2025-12-26 14:00:00.000048593,2025-12-26 21:59:59.908476851,6201901,5499304,2025-12-26 14:00:00.000048593,2025-12-26 21:59:59.908476851
2025-12,2025-12-29,true,28800,2025-12-29 14:00:00.000012811,2025-12-29 21:59:59.000012811,true,9483553,7951289,2025-12-29 14:00:00.000208755,2025-12-29 21:59:59.897621247,9473450,7951478,2025-12-29 14:00:00.000208755,2025-12-29 21:59:59.897621247
2025-12,2025-12-30,true,28800,2025-12-30 14:00:00.000018545,2025-12-30 21:59:59.000018545,true,7672996,6434932,2025-12-30 14:00:00.030617811,2025-12-30 21:59:59.982876973,7664779,6435059,2025-12-30 14:00:00.030617811,2025-12-30 21:59:59.982876973
2025-12,2025-12-31,true,28801,2025-12-31 14:00:00.000011275,2025-12-31 21:59:59.868177373,true,9253445,7784716,2025-12-31 14:00:00.000057395,2025-12-31 21:59:59.868177373,9243805,7784716,2025-12-31 14:00:00.000057395,2025-12-31 21:59:59.868177373
