instrument,month,generation,path,total_rows,native_blocks,overlapping_block_pairs,max_rows_per_timestamp,duplicate_timestamps,filtered_rows,filtered_distinct_seconds,filtered_max_rows_per_second,filtered_excess_rows
cl,2025-01,v3_pre_gapfill_FIXTURE_PATH,C:\Users\ttbea\OneDrive\Desktop\MBO_2025\processed\cl\cl_snapshots_2025-01.parquet,1939381,19,18,5,12021,801411,711404,5,90007
cl,2025-08,v3_pre_gapfill_FIXTURE_PATH,C:\Users\ttbea\OneDrive\Desktop\MBO_2025\processed\cl\cl_snapshots_2025-08.parquet,1809537,17,16,5,4160,664077,613559,5,50518
cl,2025-09,v3_pre_gapfill_FIXTURE_PATH,C:\Users\ttbea\OneDrive\Desktop\MBO_2025\processed\cl\cl_snapshots_2025-09.parquet,1885641,18,17,5,3857,687659,630284,5,57375
cl,2025-10,v3_pre_gapfill_FIXTURE_PATH,C:\Users\ttbea\OneDrive\Desktop\MBO_2025\processed\cl\cl_snapshots_2025-10.parquet,2004152,19,18,5,7794,745570,671700,5,73870
cl,2025-11,v3_pre_gapfill_FIXTURE_PATH,C:\Users\ttbea\OneDrive\Desktop\MBO_2025\processed\cl\cl_snapshots_2025-11.parquet,1695341,17,16,5,6414,704000,632036,5,71964
cl,2025-12,v3_pre_gapfill_FIXTURE_PATH,C:\Users\ttbea\OneDrive\Desktop\MBO_2025\processed\cl\cl_snapshots_2025-12.parquet,1914834,19,18,5,11046,768532,701106,5,67426
es,2025-01,v3_pre_gapfill_FIXTURE_PATH,C:\Users\ttbea\OneDrive\Desktop\MBO_2025\processed\es\es_snapshots_2025-01.parquet,1811402,1,0,2,1,605290,605284,2,6
es,2025-08,v3_pre_gapfill_FIXTURE_PATH,C:\Users\ttbea\OneDrive\Desktop\MBO_2025\processed\es\es_snapshots_2025-08.parquet,1757598,1,0,2,4,546610,546604,2,6
es,2025-09,v3_pre_gapfill_FIXTURE_PATH,C:\Users\ttbea\OneDrive\Desktop\MBO_2025\processed\es\es_snapshots_2025-09.parquet,1820483,1,0,1,0,553280,553275,2,5
es,2025-10,v3_pre_gapfill_FIXTURE_PATH,C:\Users\ttbea\OneDrive\Desktop\MBO_2025\processed\es\es_snapshots_2025-10.parquet,1925583,1,0,2,1,599190,599185,2,5
es,2025-11,v3_pre_gapfill_FIXTURE_PATH,C:\Users\ttbea\OneDrive\Desktop\MBO_2025\processed\es\es_snapshots_2025-11.parquet,1603105,1,0,1,0,549424,549421,2,3
es,2025-12,v3_pre_gapfill_FIXTURE_PATH,C:\Users\ttbea\OneDrive\Desktop\MBO_2025\processed\es\es_snapshots_2025-12.parquet,1818509,1,0,1,0,620108,620102,2,6
gc,2025-01,v3_pre_gapfill_FIXTURE_PATH,C:\Users\ttbea\OneDrive\Desktop\MBO_2025\processed\gc\gc_snapshots_2025-01.parquet,1884670,19,18,5,6219,761737,697841,5,63896
gc,2025-08,v3_pre_gapfill_FIXTURE_PATH,C:\Users\ttbea\OneDrive\Desktop\MBO_2025\processed\gc\gc_snapshots_2025-08.parquet,1851278,17,16,5,8042,692042,617557,5,74485
gc,2025-09,v3_pre_gapfill_FIXTURE_PATH,C:\Users\ttbea\OneDrive\Desktop\MBO_2025\processed\gc\gc_snapshots_2025-09.parquet,1955995,18,17,5,9044,734281,638773,5,95508
gc,2025-10,v3_pre_gapfill_FIXTURE_PATH,C:\Users\ttbea\OneDrive\Desktop\MBO_2025\processed\gc\gc_snapshots_2025-10.parquet,2048494,19,18,5,14710,772448,678991,5,93457
gc,2025-11,v3_pre_gapfill_FIXTURE_PATH,C:\Users\ttbea\OneDrive\Desktop\MBO_2025\processed\gc\gc_snapshots_2025-11.parquet,1666570,17,16,5,8678,674039,624446,5,49593
gc,2025-12,v3_pre_gapfill_FIXTURE_PATH,C:\Users\ttbea\OneDrive\Desktop\MBO_2025\processed\gc\gc_snapshots_2025-12.parquet,1909176,19,18,5,9253,772203,701106,5,71097
he,2025-01,v3_pre_gapfill_FIXTURE_PATH,C:\Users\ttbea\OneDrive\Desktop\MBO_2025\processed\he\he_snapshots_2025-01.parquet,343499,1,0,2,1,337489,337488,2,1
he,2025-08,v3_pre_gapfill_FIXTURE_PATH,C:\Users\ttbea\OneDrive\Desktop\MBO_2025\processed\he\he_snapshots_2025-08.parquet,346496,1,0,1,0,308711,308696,2,15
he,2025-09,v3_pre_gapfill_FIXTURE_PATH,C:\Users\ttbea\OneDrive\Desktop\MBO_2025\processed\he\he_snapshots_2025-09.parquet,346488,1,0,1,0,308702,308688,2,14
he,2025-10,v3_pre_gapfill_FIXTURE_PATH,C:\Users\ttbea\OneDrive\Desktop\MBO_2025\processed\he\he_snapshots_2025-10.parquet,379494,1,0,1,0,338111,338094,2,17
he,2025-11,v3_pre_gapfill_FIXTURE_PATH,C:\Users\ttbea\OneDrive\Desktop\MBO_2025\processed\he\he_snapshots_2025-11.parquet,309895,1,0,1,0,304487,304487,1,0
he,2025-12,v3_pre_gapfill_FIXTURE_PATH,C:\Users\ttbea\OneDrive\Desktop\MBO_2025\processed\he\he_snapshots_2025-12.parquet,359992,1,0,1,0,353683,353682,2,1
le,2025-01,v3_pre_gapfill_FIXTURE_PATH,C:\Users\ttbea\OneDrive\Desktop\MBO_2025\processed\le\le_snapshots_2025-01.parquet,343507,1,0,2,1,337494,337493,2,1
le,2025-08,v3_pre_gapfill_FIXTURE_PATH,C:\Users\ttbea\OneDrive\Desktop\MBO_2025\processed\le\le_snapshots_2025-08.parquet,346498,1,0,1,0,308711,308698,2,13
le,2025-09,v3_pre_gapfill_FIXTURE_PATH,C:\Users\ttbea\OneDrive\Desktop\MBO_2025\processed\le\le_snapshots_2025-09.parquet,346495,1,0,1,0,308710,308695,2,15
le,2025-10,v3_pre_gapfill_FIXTURE_PATH,C:\Users\ttbea\OneDrive\Desktop\MBO_2025\processed\le\le_snapshots_2025-10.parquet,379499,1,0,1,0,338113,338099,2,14
le,2025-11,v3_pre_gapfill_FIXTURE_PATH,C:\Users\ttbea\OneDrive\Desktop\MBO_2025\processed\le\le_snapshots_2025-11.parquet,309899,1,0,1,0,304492,304492,1,0
le,2025-12,v3_pre_gapfill_FIXTURE_PATH,C:\Users\ttbea\OneDrive\Desktop\MBO_2025\processed\le\le_snapshots_2025-12.parquet,359997,1,0,1,0,353690,353689,2,1
nq,2025-01,v3_pre_gapfill_FIXTURE_PATH,C:\Users\ttbea\OneDrive\Desktop\MBO_2025\processed\nq\nq_snapshots_2025-01.parquet,1795415,1,0,2,3,598228,598222,2,6
nq,2025-08,v3_pre_gapfill_FIXTURE_PATH,C:\Users\ttbea\OneDrive\Desktop\MBO_2025\processed\nq\nq_snapshots_2025-08.parquet,1750610,1,0,2,4,540531,540524,2,7
nq,2025-09,v3_pre_gapfill_FIXTURE_PATH,C:\Users\ttbea\OneDrive\Desktop\MBO_2025\processed\nq\nq_snapshots_2025-09.parquet,1816635,1,0,1,0,549431,549426,2,5
nq,2025-10,v3_pre_gapfill_FIXTURE_PATH,C:\Users\ttbea\OneDrive\Desktop\MBO_2025\processed\nq\nq_snapshots_2025-10.parquet,1916320,1,0,2,1,590786,590781,2,5
nq,2025-11,v3_pre_gapfill_FIXTURE_PATH,C:\Users\ttbea\OneDrive\Desktop\MBO_2025\processed\nq\nq_snapshots_2025-11.parquet,1603667,1,0,1,0,550464,550461,2,3
nq,2025-12,v3_pre_gapfill_FIXTURE_PATH,C:\Users\ttbea\OneDrive\Desktop\MBO_2025\processed\nq\nq_snapshots_2025-12.parquet,1815663,1,0,1,0,620108,620102,2,6
zc,2025-01,v3_pre_gapfill_FIXTURE_PATH,C:\Users\ttbea\OneDrive\Desktop\MBO_2025\processed\zc\zc_snapshots_2025-01.parquet,1262191,1,0,2,1,338159,338159,1,0
zc,2025-08,v3_pre_gapfill_FIXTURE_PATH,C:\Users\ttbea\OneDrive\Desktop\MBO_2025\processed\zc\zc_snapshots_2025-08.parquet,1666968,17,16,5,64073,554304,342854,5,211450
zc,2025-09,v3_pre_gapfill_FIXTURE_PATH,C:\Users\ttbea\OneDrive\Desktop\MBO_2025\processed\zc\zc_snapshots_2025-09.parquet,1743521,18,17,5,79742,580945,327931,5,253014
zc,2025-10,v3_pre_gapfill_FIXTURE_PATH,C:\Users\ttbea\OneDrive\Desktop\MBO_2025\processed\zc\zc_snapshots_2025-10.parquet,1915096,19,18,5,74401,634446,369254,5,265192
zc,2025-11,v3_pre_gapfill_FIXTURE_PATH,C:\Users\ttbea\OneDrive\Desktop\MBO_2025\processed\zc\zc_snapshots_2025-11.parquet,1110050,1,0,1,0,304506,304506,1,0
zc,2025-12,v3_pre_gapfill_FIXTURE_PATH,C:\Users\ttbea\OneDrive\Desktop\MBO_2025\processed\zc\zc_snapshots_2025-12.parquet,1278384,1,0,1,0,353104,353103,2,1
zs,2025-01,v3_pre_gapfill_FIXTURE_PATH,C:\Users\ttbea\OneDrive\Desktop\MBO_2025\processed\zs\zs_snapshots_2025-01.parquet,1275375,1,0,2,1,337845,337845,1,0
zs,2025-08,v3_pre_gapfill_FIXTURE_PATH,C:\Users\ttbea\OneDrive\Desktop\MBO_2025\processed\zs\zs_snapshots_2025-08.parquet,1597846,17,16,5,38055,465382,333170,5,132212
zs,2025-09,v3_pre_gapfill_FIXTURE_PATH,C:\Users\ttbea\OneDrive\Desktop\MBO_2025\processed\zs\zs_snapshots_2025-09.parquet,1529902,18,17,5,28041,429466,327670,5,101796
zs,2025-10,v3_pre_gapfill_FIXTURE_PATH,C:\Users\ttbea\OneDrive\Desktop\MBO_2025\processed\zs\zs_snapshots_2025-10.parquet,1749946,19,18,5,36213,508911,365839,5,143072
zs,2025-11,v3_pre_gapfill_FIXTURE_PATH,C:\Users\ttbea\OneDrive\Desktop\MBO_2025\processed\zs\zs_snapshots_2025-11.parquet,1147470,1,0,1,0,304506,304506,1,0
zs,2025-12,v3_pre_gapfill_FIXTURE_PATH,C:\Users\ttbea\OneDrive\Desktop\MBO_2025\processed\zs\zs_snapshots_2025-12.parquet,1310670,1,0,1,0,353104,353104,1,0
cl,2025-01,v4_v4_gapfill,C:\Users\ttbea\OneDrive\Desktop\MBO_2025\processed\cl\v4_gapfill\cl_snapshots_2025-01.parquet,1778401,1,0,1,0,680400,680400,1,0
cl,2025-08,v4_v4_gapfill,C:\Users\ttbea\OneDrive\Desktop\MBO_2025\processed\cl\v4_gapfill\cl_snapshots_2025-08.parquet,1760403,1,0,1,0,662408,662404,2,4
cl,2025-09,v4_v4_gapfill,C:\Users\ttbea\OneDrive\Desktop\MBO_2025\processed\cl\v4_gapfill\cl_snapshots_2025-09.parquet,1771204,1,0,1,0,666008,666004,2,4
cl,2025-10,v4_v4_gapfill,C:\Users\ttbea\OneDrive\Desktop\MBO_2025\processed\cl\v4_gapfill\cl_snapshots_2025-10.parquet,1933205,1,0,1,0,727210,727205,2,5
cl,2025-11,v4_v4_gapfill,C:\Users\ttbea\OneDrive\Desktop\MBO_2025\processed\cl\v4_gapfill\cl_snapshots_2025-11.parquet,1533539,1,0,1,0,583200,583200,1,0
cl,2025-12,v4_v4_gapfill,C:\Users\ttbea\OneDrive\Desktop\MBO_2025\processed\cl\v4_gapfill\cl_snapshots_2025-12.parquet,1845864,1,0,1,0,701102,701101,2,1
gc,2025-01,v4_v4_gapfill,C:\Users\ttbea\OneDrive\Desktop\MBO_2025\processed\gc\v4_gapfill\gc_snapshots_2025-01.parquet,1778393,1,0,1,0,680400,680400,1,0
gc,2025-08,v4_v4_gapfill,C:\Users\ttbea\OneDrive\Desktop\MBO_2025\processed\gc\v4_gapfill\gc_snapshots_2025-08.parquet,1761718,1,0,1,0,663733,663728,2,5
gc,2025-09,v4_v4_gapfill,C:\Users\ttbea\OneDrive\Desktop\MBO_2025\processed\gc\v4_gapfill\gc_snapshots_2025-09.parquet,1771196,1,0,1,0,666008,666004,2,4
gc,2025-10,v4_v4_gapfill,C:\Users\ttbea\OneDrive\Desktop\MBO_2025\processed\gc\v4_gapfill\gc_snapshots_2025-10.parquet,1933204,1,0,1,0,727210,727205,2,5
gc,2025-11,v4_v4_gapfill,C:\Users\ttbea\OneDrive\Desktop\MBO_2025\processed\gc\v4_gapfill\gc_snapshots_2025-11.parquet,1533354,1,0,1,0,583200,583200,1,0
gc,2025-12,v4_v4_gapfill,C:\Users\ttbea\OneDrive\Desktop\MBO_2025\processed\gc\v4_gapfill\gc_snapshots_2025-12.parquet,1845892,1,0,1,0,701102,701101,2,1
nq,2025-01,v4_v4_gapfill,C:\Users\ttbea\OneDrive\Desktop\MBO_2025\processed\nq\v4_gapfill\nq_snapshots_2025-01.parquet,1778405,1,0,1,0,604800,604800,1,0
nq,2025-08,v4_v4_gapfill,C:\Users\ttbea\OneDrive\Desktop\MBO_2025\processed\nq\v4_gapfill\nq_snapshots_2025-08.parquet,1760404,1,0,1,0,586810,586805,2,5
nq,2025-09,v4_v4_gapfill,C:\Users\ttbea\OneDrive\Desktop\MBO_2025\processed\nq\v4_gapfill\nq_snapshots_2025-09.parquet,1771204,1,0,1,0,590408,590404,2,4
nq,2025-10,v4_v4_gapfill,C:\Users\ttbea\OneDrive\Desktop\MBO_2025\processed\nq\v4_gapfill\nq_snapshots_2025-10.parquet,1933205,1,0,1,0,644410,644405,2,5
nq,2025-11,v4_v4_gapfill,C:\Users\ttbea\OneDrive\Desktop\MBO_2025\processed\nq\v4_gapfill\nq_snapshots_2025-11.parquet,1533603,1,0,1,0,518400,518400,1,0
nq,2025-12,v4_v4_gapfill,C:\Users\ttbea\OneDrive\Desktop\MBO_2025\processed\nq\v4_gapfill\nq_snapshots_2025-12.parquet,1844106,1,0,1,0,620102,620101,2,1
zc,2025-01,v4_v4_gapfill,C:\Users\ttbea\OneDrive\Desktop\MBO_2025\processed\zc\v4_gapfill\zc_snapshots_2025-01.parquet,1346274,1,0,1,0,378000,378000,1,0
zc,2025-08,v4_v4_gapfill,C:\Users\ttbea\OneDrive\Desktop\MBO_2025\processed\zc\v4_gapfill\zc_snapshots_2025-08.parquet,1712400,1,0,1,0,366005,366000,2,5
zc,2025-09,v4_v4_gapfill,C:\Users\ttbea\OneDrive\Desktop\MBO_2025\processed\zc\v4_gapfill\zc_snapshots_2025-09.parquet,1732800,1,0,1,0,368404,368400,2,4
zc,2025-10,v4_v4_gapfill,C:\Users\ttbea\OneDrive\Desktop\MBO_2025\processed\zc\v4_gapfill\zc_snapshots_2025-10.parquet,1885200,1,0,1,0,402005,402000,2,5
zc,2025-11,v4_v4_gapfill,C:\Users\ttbea\OneDrive\Desktop\MBO_2025\processed\zc\v4_gapfill\zc_snapshots_2025-11.parquet,1188000,1,0,1,0,324000,324000,1,0
zc,2025-12,v4_v4_gapfill,C:\Users\ttbea\OneDrive\Desktop\MBO_2025\processed\zc\v4_gapfill\zc_snapshots_2025-12.parquet,1407899,1,0,1,0,392702,392701,2,1
zs,2025-01,v4_v4_gapfill,C:\Users\ttbea\OneDrive\Desktop\MBO_2025\processed\zs\v4_gapfill\zs_snapshots_2025-01.parquet,1346211,1,0,1,0,378000,378000,1,0
zs,2025-08,v4_v4_gapfill,C:\Users\ttbea\OneDrive\Desktop\MBO_2025\processed\zs\v4_gapfill\zs_snapshots_2025-08.parquet,1712400,1,0,1,0,366005,366000,2,5
zs,2025-09,v4_v4_gapfill,C:\Users\ttbea\OneDrive\Desktop\MBO_2025\processed\zs\v4_gapfill\zs_snapshots_2025-09.parquet,1732800,1,0,1,0,368404,368400,2,4
zs,2025-10,v4_v4_gapfill,C:\Users\ttbea\OneDrive\Desktop\MBO_2025\processed\zs\v4_gapfill\zs_snapshots_2025-10.parquet,1885200,1,0,1,0,402005,402000,2,5
zs,2025-11,v4_v4_gapfill,C:\Users\ttbea\OneDrive\Desktop\MBO_2025\processed\zs\v4_gapfill\zs_snapshots_2025-11.parquet,1188000,1,0,1,0,324000,324000,1,0
zs,2025-12,v4_v4_gapfill,C:\Users\ttbea\OneDrive\Desktop\MBO_2025\processed\zs\v4_gapfill\zs_snapshots_2025-12.parquet,1407900,1,0,1,0,392702,392701,2,1
es,2025-01,v4_v4_morning_chunk,C:\Users\ttbea\OneDrive\Desktop\MBO_2025\processed\es\v4_morning_chunk\es_snapshots_2025-01.parquet,1778405,1,0,1,0,604800,604800,1,0
es,2025-08,v4_v4_morning_chunk,C:\Users\ttbea\OneDrive\Desktop\MBO_2025\processed\es\v4_morning_chunk\es_snapshots_2025-08.parquet,1760404,1,0,1,0,586810,586805,2,5
es,2025-09,v4_v4_morning_chunk,C:\Users\ttbea\OneDrive\Desktop\MBO_2025\processed\es\v4_morning_chunk\es_snapshots_2025-09.parquet,1771204,1,0,1,0,590408,590404,2,4
es,2025-10,v4_v4_morning_chunk,C:\Users\ttbea\OneDrive\Desktop\MBO_2025\processed\es\v4_morning_chunk\es_snapshots_2025-10.parquet,1933204,1,0,1,0,644410,644405,2,5
es,2025-11,v4_v4_morning_chunk,C:\Users\ttbea\OneDrive\Desktop\MBO_2025\processed\es\v4_morning_chunk\es_snapshots_2025-11.parquet,1533603,1,0,1,0,518400,518400,1,0
es,2025-12,v4_v4_morning_chunk,C:\Users\ttbea\OneDrive\Desktop\MBO_2025\processed\es\v4_morning_chunk\es_snapshots_2025-12.parquet,1844105,1,0,1,0,620102,620101,2,1
